Id,Label,date,lat,long,name,node_class,site_class
10001,Dow Chemical - Dalton Site,6/29/94,34.63278,-84.92806,Dow Chemical - Dalton Site,Site,RP
10002,Shaver's Farm,6/29/94,34.79889,-85.3075,Shaver's Farm,Site,RP
10003,CSX Transportation - Savannah (Tremont Road),6/29/94,32.06222,-81.14917,CSX Transportation - Savannah (Tremont Road),Site,RP
10005,G. C. Lee Site / Lee Engr & Const,6/29/94,30.98833,-82.89667,G. C. Lee Site / Lee Engr & Const,Site,RP
10006,Hercules 009 Landfill - NPL Site,6/29/94,31.20944,-81.48806,Hercules 009 Landfill - NPL Site,Site,RP
10008,CSX Transportation - Middleton Derailment,6/29/94,34.09778,-82.76861,CSX Transportation - Middleton Derailment,Site,RP
10009,U.S. Army - Fort Gillem - North Landfill Area,7/1/94,33.62917,-84.33333,U.S. Army - Fort Gillem - North Landfill Area,Site,RP
10012,Fox Manufacturing Company,6/29/94,34.26472,-85.155,Fox Manufacturing Company,Site,RP
10015,Langdale Forest Products Corporation,6/29/94,30.81722,-83.27667,Langdale Forest Products Corporation,Site,RP
10016,Trane Technologies Co.- Sylvania (fka Ingersoll/Torrington/Timken)),6/29/94,32.75806,-81.61917,Trane Technologies Co.- Sylvania (fka Ingersoll/Torrington/Timken)),Site,RP
10017,Blackman Uhler Chemical Company,6/29/94,33.45083,-81.97917,Blackman Uhler Chemical Company,Site,RP
10018,Atlantic Wood Industries (Former),6/29/94,32.14583,-81.14917,Atlantic Wood Industries (Former),Site,RP
10019,Powersville Landfill - Former NPL Site,6/29/94,32.61,-83.79333,Powersville Landfill - Former NPL Site,Site,L
10020,Henkel Site,6/29/94,34.01528,-85.26611,Henkel Site,Site,RP
10021,Williams-Mesena Road Landfill,6/29/94,33.45806,-82.54306,Williams-Mesena Road Landfill,Site,RP
10022,Baxley Creosoting Company,6/29/94,31.77472,-82.33639,Baxley Creosoting Company,Site,A
10024,TH Agriculture & Nutrition Company - NPL Site,6/8/98,31.61722,-84.18167,TH Agriculture & Nutrition Company - NPL Site,Site,RP
10025,GA Dept of Trans - Dist 4 Main HQ (Former),7/1/94,31.51778,-82.85333,GA Dept of Trans - Dist 4 Main HQ (Former),Site,RP
10026,CSX Transportation - Waycross Facility,6/29/94,31.19889,-82.36833,CSX Transportation - Waycross Facility,Site,RP
10027,"Graphic Packaging International, Inc.",6/29/94,32.77167,-83.62972,"Graphic Packaging International, Inc.",Site,RP
10028,Escambia Treating Company - Brunswick (aka Brunswick Wood NPL Site),6/29/94,31.2425,-81.53167,Escambia Treating Company - Brunswick (aka Brunswick Wood NPL Site),Site,A
10029,Escambia Treating Company - Camilla - NPL Site,6/29/94,31.22167,-84.20333,Escambia Treating Company - Camilla - NPL Site,Site,A
10030,Turner Air Force Base (Former),6/29/94,31.58917,-84.08472,Turner Air Force Base (Former),Site,RP
10032,Brockway Standard - Homerville Plant,6/29/94,31.02917,-82.77361,Brockway Standard - Homerville Plant,Site,RP
10043,Southern Wood Piedmont - Central of Georgia Railroad,6/29/94,32.84694,-83.675,Southern Wood Piedmont - Central of Georgia Railroad,Site,RP
10044,Mt Airy Wood Preserving Company,6/29/94,34.53083,-83.47167,Mt Airy Wood Preserving Company,Site,RP
10045,"Colonial Terminals, Plant #1",6/29/94,32.09444,-81.11333,"Colonial Terminals, Plant #1",Site,RP
10046,General Electric Company,6/29/94,34.28139,-85.22333,General Electric Company,Site,RP
10048,American Linen Supply Company (former),6/29/94,33.86611,-83.41389,American Linen Supply Company (former),Site,RP
10053,"BASF Catalysts, LLC- Attapulgus Operations",6/29/94,30.73806,-84.48972,"BASF Catalysts, LLC- Attapulgus Operations",Site,RP
10055,Stevens Industries,6/29/94,31.77944,-84.45194,Stevens Industries,Site,RP
10056,Marzone/Chevron - NPL Site OU1,6/29/94,31.43028,-83.5025,Marzone/Chevron - NPL Site OU1,Site,RP
10057,General Tire - Aldora Plant,6/29/94,33.05306,-84.17694,General Tire - Aldora Plant,Site,RP
10058,Hercules,6/29/94,31.16528,-81.47861,Hercules,Site,RP
10059,Firestone Tire & Rubber Co. (Albany Plant)-NPL Site,6/29/94,31.56833,-84.05611,Firestone Tire & Rubber Co. (Albany Plant)-NPL Site,Site,RP
10060,Southwire - Copper Division,6/29/94,33.55583,-85.06028,Southwire - Copper Division,Site,RP
10061,Southwire - Wire & Cable Division,6/29/94,33.55861,-85.0675,Southwire - Wire & Cable Division,Site,RP
10062,Woolfolk Chemical Works - NPL Site,6/29/94,32.55083,-83.88444,Woolfolk Chemical Works - NPL Site,Site,A
10063,Rockbridge Square Shopping Center,6/29/94,33.84139,-84.1325,Rockbridge Square Shopping Center,Site,A
10065,Merck & Company,6/29/94,31.49722,-84.1325,Merck & Company,Site,RP
10068,Rummel Fibre Company,6/29/94,34.24306,-85.13333,Rummel Fibre Company,Site,RP
10070,Pelham Phosphate Company,6/29/94,31.14111,-84.15472,Pelham Phosphate Company,Site,A
10072,General Electric - Apparatus Service Center,6/29/94,33.88611,-84.31389,General Electric - Apparatus Service Center,Site,RP
10077,"1610 Southland Circle (fka ""Indcon"")",6/29/94,33.80167,-84.43333,"1610 Southland Circle (fka ""Indcon"")",Site,RP
10082,Univar USA Inc.,6/29/94,33.91333,-84.22861,Univar USA Inc.,Site,RP
10083,Southern Wood Piedmont - Augusta,6/29/94,33.42556,-81.99972,Southern Wood Piedmont - Augusta,Site,RP
10084,Southern Wood Piedmont - East Point,6/29/94,33.69,-84.44472,Southern Wood Piedmont - East Point,Site,RP
10085,PPG Industries (former),6/29/94,32.46139,-83.76444,PPG Industries (former),Site,RP
10089,Southern Bag Corp,6/29/94,30.83,-83.29528,Southern Bag Corp,Site,RP
10090,Bonnell Aluminum,6/29/94,33.38194,-84.81667,Bonnell Aluminum,Site,RP
10091,Travis Field/Savannah International Airport,6/29/94,32.11611,-81.19056,Travis Field/Savannah International Airport,Site,RP
10092,Cedartown Municipal Landfill - Former NPL Site,6/29/94,34.01472,-85.2875,Cedartown Municipal Landfill - Former NPL Site,Site,L
10093,"U.S. Naval Submarine Base, Kings Bay",6/29/94,30.81194,-81.57028,"U.S. Naval Submarine Base, Kings Bay",Site,RP
10094,U.S. Marine Corps Logistics Base - NPL Site,6/29/94,31.54917,-84.05944,U.S. Marine Corps Logistics Base - NPL Site,Site,RP
10095,Central of GA RR/Bernuth-Lembcke Site,6/29/94,32.09528,-81.10917,Central of GA RR/Bernuth-Lembcke Site,Site,RP
10096,M&J Solvents Company,6/29/94,33.795,-84.43806,M&J Solvents Company,Site,RP
10097,Atlanta Gas Light Company - Waycross MGP Site,6/29/94,31.19889,-82.37389,Atlanta Gas Light Company - Waycross MGP Site,Site,RP
10099,Alco Controls,6/29/94,31.86556,-82.5925,Alco Controls,Site,RP
10106,Cedartown Battery Site,6/29/94,34.01472,-85.29889,Cedartown Battery Site,Site,A
10111,Scripto Plant & Office Complex (Former),6/29/94,33.75833,-84.37306,Scripto Plant & Office Complex (Former),Site,A
10112,U.S. Army - Fort Benning (FBSB-86),6/29/94,32.36389,-84.97972,U.S. Army - Fort Benning (FBSB-86),Site,RP
10114,Union Camp Corp - Former Amoco Property,6/29/94,32.10222,-81.13306,Union Camp Corp - Former Amoco Property,Site,RP
10115,Phibro-Tech (fka C P Chemicals),6/29/94,33.85306,-84.65056,Phibro-Tech (fka C P Chemicals),Site,RP
10116,Georgia Metals,6/29/94,33.855,-84.65028,Georgia Metals,Site,A
10122,Amoco Fabrics & Fibers - Hazlehurst Mills,6/29/94,31.86444,-82.59111,Amoco Fabrics & Fibers - Hazlehurst Mills,Site,RP
10123,Arivec Chemicals,6/29/94,33.76222,-84.73194,Arivec Chemicals,Site,RP
10124,Perma-Fix of South Georgia (fka Chemical Conservation of Georgia),6/29/94,30.7975,-83.28083,Perma-Fix of South Georgia (fka Chemical Conservation of Georgia),Site,RP
10126,U.S. Army Corps of Engineers Airstrip (current),6/29/94,30.73222,-84.83222,U.S. Army Corps of Engineers Airstrip (current),Site,RP
10128,Atlanta Gas Light Company - Savannah MGP Site,6/29/94,32.07806,-81.08361,Atlanta Gas Light Company - Savannah MGP Site,Site,RP
10132,Atlanta Gas Light Company - Augusta MGP Site,11/23/98,33.46778,-81.96972,Atlanta Gas Light Company - Augusta MGP Site,Site,RP
10133,"Excalibur Realty (fka Chemical Specialties, Inc.)",6/29/94,30.80972,-83.2875,"Excalibur Realty (fka Chemical Specialties, Inc.)",Site,RP
10135,Monroe Auto Equipment Company (Tenneco),6/29/94,34.35389,-82.94306,Monroe Auto Equipment Company (Tenneco),Site,RP
10136,Monsanto Chemical Company - (former NPL Site),6/29/94,33.39083,-81.99056,Monsanto Chemical Company - (former NPL Site),Site,RP
10137,York Casket Hardware (fka Piedmont Metals),6/29/94,33.96472,-84.00028,York Casket Hardware (fka Piedmont Metals),Site,RP
10139,304 N Dudley Street Site,6/29/94,32.07472,-84.23833,304 N Dudley Street Site,Site,RP
10140,Union Timber,6/29/94,31.02972,-82.76639,Union Timber,Site,A
10141,Southern States,6/30/97,33.38583,-84.29,Southern States,Site,RP
10142,So Green Waste Pile,6/29/94,31.44222,-83.51056,So Green Waste Pile,Site,RP
10143,Parramore Fertilizer,6/29/94,31.44028,-83.5125,Parramore Fertilizer,Site,RP
10144,LCP Chemicals - NPL Site,6/29/94,31.18361,-81.51083,LCP Chemicals - NPL Site,Site,RP
10145,Olin Corporation,6/29/94,33.34472,-81.95,Olin Corporation,Site,RP
10146,Air Force Plant 6,6/29/94,33.90639,-84.51333,Air Force Plant 6,Site,RP
10147,Ashland Chemical Company,6/29/94,33.905,-84.24278,Ashland Chemical Company,Site,RP
10151,Signal Energy Holdings (Former Young Refining ),6/29/94,33.76306,-84.73111,Signal Energy Holdings (Former Young Refining ),Site,RP
10152,Peach Metal Industries,6/29/94,32.67444,-83.765,Peach Metal Industries,Site,A
10154,Douglas & Lomason Company,6/29/94,33.39167,-84.82278,Douglas & Lomason Company,Site,RP
10157,Manor Timber Company,6/29/94,31.07778,-82.63417,Manor Timber Company,Site,RP
10162,Ashland Chemical Company,6/29/94,32.08139,-81.13722,Ashland Chemical Company,Site,RP
10165,Conyers Battery Exchange,6/29/94,33.67361,-84.04611,Conyers Battery Exchange,Site,A
10167,Macon Naval Ordnance Landfill (Former) - NPL Site,6/29/94,32.76917,-83.64694,Macon Naval Ordnance Landfill (Former) - NPL Site,Site,RP
10170,A&D Barrel & Drum Company,6/29/94,33.77361,-84.40833,A&D Barrel & Drum Company,Site,A
10172,"A.I.D. Company, Div. of Roller Bearing Co. of America.",6/29/94,34.87722,-83.38667,"A.I.D. Company, Div. of Roller Bearing Co. of America.",Site,RP
10179,Deptford Tract Landfill,6/29/94,32.07167,-81.04056,Deptford Tract Landfill,Site,RP
10180,Robins Air Force Base - NPL Site,6/29/94,32.62083,-83.58167,Robins Air Force Base - NPL Site,Site,RP
10188,Atlas Chemical Company,7/1/94,33.09611,-82.02306,Atlas Chemical Company,Site,RP
10191,Barlow Creosote,6/29/94,31.05778,-82.6425,Barlow Creosote,Site,A
10192,Berrien Products,6/29/94,31.20667,-83.24167,Berrien Products,Site,A
10196,Estech General Chemicals,6/29/94,33.79083,-84.43528,Estech General Chemicals,Site,RP
10198,Gordon Service Company,6/29/94,32.85389,-83.35222,Gordon Service Company,Site,RP
10200,"Martin Fireproofing Georgia, Inc.",6/29/94,34.085,-82.84361,"Martin Fireproofing Georgia, Inc.",Site,A
10202,McCranie Brothers Wood Preserving,6/29/94,31.33694,-83.04194,McCranie Brothers Wood Preserving,Site,A
10204,Metalplate Galvanizing Corp,6/29/94,33.74528,-84.54556,Metalplate Galvanizing Corp,Site,RP
10205,Moultrie Wood Preserving Company,6/29/94,31.18139,-83.77194,Moultrie Wood Preserving Company,Site,A
10206,Murrow Brothers Delinting Waste,6/29/94,33.77972,-83.425,Murrow Brothers Delinting Waste,Site,A
10208,139 Brampton Road,6/29/94,32.1075,-81.14472,139 Brampton Road,Site,RP
10219,W. F. Harris & Sons Wood Preserving,6/29/94,32.96,-84.41083,W. F. Harris & Sons Wood Preserving,Site,A
10221,Akzo Coatings (Former),6/29/94,31.77056,-82.32917,Akzo Coatings (Former),Site,RP
10233,S&M Scrap Metal Company,6/29/94,31.44611,-83.48917,S&M Scrap Metal Company,Site,A
10241,Union Camp Corp - Allen Blvd Landfill,6/29/94,32.10194,-81.13111,Union Camp Corp - Allen Blvd Landfill,Site,RP
10242,Terry Creek Dredge Spoil Area- NPL site,6/29/94,31.16694,-81.46778,Terry Creek Dredge Spoil Area- NPL site,Site,RP
10245,Oil Processing Corp (Former),6/29/94,33.18917,-82.39417,Oil Processing Corp (Former),Site,RP
10246,Morgan Post Treating Impoundment,6/29/94,31.04306,-82.73444,Morgan Post Treating Impoundment,Site,A
10250,Lyndal Chemical (aka Chemical Processing of Georgia),6/29/94,34.79556,-84.96556,Lyndal Chemical (aka Chemical Processing of Georgia),Site,RP
10251,Chemresol,6/29/94,31.22722,-81.52389,Chemresol,Site,RP
10260,Griffith Oil Company,6/29/94,34.06111,-83.54722,Griffith Oil Company,Site,A
10269,University of Georgia - Milledge Avenue Site,6/29/94,33.90583,-83.38528,University of Georgia - Milledge Avenue Site,Site,L
10270,Hall County - Allen Creek Sanitary Landfill,6/29/94,34.25333,-83.77556,Hall County - Allen Creek Sanitary Landfill,Site,L
10271,Cheatham Road Landfill (Phase 2 Cobb County),6/29/94,34.01389,-84.73667,Cheatham Road Landfill (Phase 2 Cobb County),Site,L
10272,Miller Bottom Road Landfill,6/29/94,33.74222,-83.92583,Miller Bottom Road Landfill,Site,L
10274,Speedway SR 324 Landfill,6/29/94,33.96889,-83.77333,Speedway SR 324 Landfill,Site,RP
10275,Clinch County - Smith Road Landfill Phase 1 (SL),6/29/94,31.07028,-82.75972,Clinch County - Smith Road Landfill Phase 1 (SL),Site,L
10276,Southern States Landfill,6/29/94,33.82583,-84.46528,Southern States Landfill,Site,RP
10277,Athens-Clarke County - Dunlap Rd (SL) MSWL,6/29/94,33.92472,-83.26333,Athens-Clarke County - Dunlap Rd (SL) MSWL,Site,L
10278,Butts County - Brownlee Road Landfill,6/29/94,33.27417,-83.96917,Butts County - Brownlee Road Landfill,Site,L
10281,Rabun Apparel (formerly Rabun Mills),6/29/94,34.95444,-83.37917,Rabun Apparel (formerly Rabun Mills),Site,RP
10282,4th Street Landfill (Brunswick Airport),6/29/94,31.18583,-81.47722,4th Street Landfill (Brunswick Airport),Site,L
10283,Ben Hill County - Joshlyn Road MSWL,6/29/94,31.74333,-83.20667,Ben Hill County - Joshlyn Road MSWL,Site,L
10286,Button Gwinnett Landfill,6/29/94,33.92333,-84.04639,Button Gwinnett Landfill,Site,RP
10288,Columbus Municipal Landfill,6/29/94,32.39389,-84.96583,Columbus Municipal Landfill,Site,L
10289,Cordele-Crisp City-County Landfill,6/29/94,31.86528,-83.75167,Cordele-Crisp City-County Landfill,Site,L
10291,Coweta County Landfill - Ishman Ballard Rd Phase 1A,6/29/94,33.36889,-84.85667,Coweta County Landfill - Ishman Ballard Rd Phase 1A,Site,L
10292,Crymes Landfill,2/5/97,33.87194,-84.18528,Crymes Landfill,Site,RP
10294,Walker Road Landfill (formerly 11th Street Landfill),6/29/94,32.79889,-83.61056,Walker Road Landfill (formerly 11th Street Landfill),Site,L
10297,Ben Gober Landfill,6/29/94,33.87583,-84.17778,Ben Gober Landfill,Site,A
10304,Old City Landfill,6/29/94,31.89667,-82.58833,Old City Landfill,Site,L
10305,Old Hazlehurst Solid Waste Disposal Site,6/29/94,31.90028,-82.59722,Old Hazlehurst Solid Waste Disposal Site,Site,L
10308,Allied Industrial Park - NPL Site,6/29/94,32.77694,-83.64333,Allied Industrial Park - NPL Site,Site,RP
10310,Polk County Landfill,6/29/94,34.00694,-85.16472,Polk County Landfill,Site,L
10311,Production Anodizing Corp./D.H. Farms,6/29/94,31.11889,-83.43806,Production Anodizing Corp./D.H. Farms,Site,RP
10317,T Street Dump,6/29/94,31.16556,-81.50833,T Street Dump,Site,RP
10324,"Forstmann & Company, Inc. (TCE spill)",6/29/94,32.53472,-82.87972,"Forstmann & Company, Inc. (TCE spill)",Site,A
10327,Palmetto Tire Fire,6/29/94,33.51,-84.72472,Palmetto Tire Fire,Site,A
10329,Mathis Brothers - South Marbletop Road Landfill - NPL Site,6/29/94,34.79722,-85.37778,Mathis Brothers - South Marbletop Road Landfill - NPL Site,Site,RP
10330,Cedartown Industries - NPL Site,6/29/94,34.00889,-85.26444,Cedartown Industries - NPL Site,Site,RP
10333,"Apollo Industries, Inc.",8/15/94,33.83722,-84.50083,"Apollo Industries, Inc.",Site,RP
10334,"Polychem, LTD",10/4/94,34.84361,-84.98028,"Polychem, LTD",Site,RP
10337,Wallace Lake Road Dump,10/17/94,33.72167,-84.70556,Wallace Lake Road Dump,Site,A
10340,"CPI Plastics, L.L.C.",10/17/94,33.34306,-84.79361,"CPI Plastics, L.L.C.",Site,RP
10346,"SAFT America, Inc.",11/22/94,30.80222,-83.28778,"SAFT America, Inc.",Site,RP
10348,Bumper Distributors of Atlanta,11/23/94,33.74333,-84.40889,Bumper Distributors of Atlanta,Site,A
10351,ARAMARK Uniform Services,11/29/94,32.06583,-81.04583,ARAMARK Uniform Services,Site,RP
10352,Atlanta Gas Light Company - Griffin MGP Site,1/11/95,33.24389,-84.26833,Atlanta Gas Light Company - Griffin MGP Site,Site,RP
10353,Marzone/Chevron - NPL Site OU2 (formerly Golden Seed Site),1/3/95,31.42972,-83.50194,Marzone/Chevron - NPL Site OU2 (formerly Golden Seed Site),Site,RP
10354,Barnett Shoals Road,3/9/95,33.92528,-83.34083,Barnett Shoals Road,Site,A
10355,General Time Corporation,1/30/95,33.98,-83.39389,General Time Corporation,Site,RP
10360,Douglas & Lomason Company,3/13/95,33.58361,-85.09417,Douglas & Lomason Company,Site,RP
10365,Goldberg Brothers,4/6/95,33.43861,-81.99389,Goldberg Brothers,Site,A
10366,"Forstmann & Company, Inc.  (1,1-DCA Site)",4/6/95,32.53472,-82.87972,"Forstmann & Company, Inc.  (1,1-DCA Site)",Site,A
10367,Sun Laboratories of Atlanta,4/10/95,33.7575,-84.55111,Sun Laboratories of Atlanta,Site,A
10371,Southern States Phosphate & Fertilizer Co.,5/23/98,32.07333,-81.0625,Southern States Phosphate & Fertilizer Co.,Site,RP
10372,"Truman Parkway, Phase II",5/8/95,32.06944,-81.07472,"Truman Parkway, Phase II",Site,A
10376,"Loef Company, Inc. (The)",6/5/95,33.98167,-83.3425,"Loef Company, Inc. (The)",Site,RP
10382,"GNB Technologies, Inc.",7/24/95,32.43611,-84.93194,"GNB Technologies, Inc.",Site,RP
10384,J. Strom Thurmond Lake Airstrip #1,8/11/95,33.66,-82.24778,J. Strom Thurmond Lake Airstrip #1,Site,RP
10385,Baldwin County Sanitary Landfill,8/4/95,32.96528,-83.33306,Baldwin County Sanitary Landfill,Site,L
10386,Laurens County Municipal Solid Waste Landfill,8/4/95,32.56083,-82.99306,Laurens County Municipal Solid Waste Landfill,Site,L
10387,Hightower Road  MSW Landfill - Phase 2,8/4/95,34.32972,-84.25639,Hightower Road  MSW Landfill - Phase 2,Site,L
10388,Madison County Sanitary Landfill 2&3 (SL),8/4/95,34.09833,-83.20361,Madison County Sanitary Landfill 2&3 (SL),Site,L
10389,Morgan County Municipal Solid Waste Landfill,8/4/95,33.63194,-83.45306,Morgan County Municipal Solid Waste Landfill,Site,L
10390,Screven County Municipal Solid Waste Landfill,8/4/95,32.74444,-81.68361,Screven County Municipal Solid Waste Landfill,Site,L
10391,Statesboro/Bulloch County Lakeview Rd. Landfill,8/4/95,32.48083,-81.78972,Statesboro/Bulloch County Lakeview Rd. Landfill,Site,L
10392,Clayton Co. SR3- Lovejoy Site #2 MSWL,8/4/95,33.43861,-84.30667,Clayton Co. SR3- Lovejoy Site #2 MSWL,Site,L
10393,Tift Site,8/21/95,33.66694,-84.42583,Tift Site,Site,RP
10395,"Hunter Army Airfield, Fire Training Area",8/25/95,32.01444,-81.14417,"Hunter Army Airfield, Fire Training Area",Site,RP
10401,"Forstmann & Company, Inc. (Old Burn Pit)",10/20/95,32.54028,-82.88528,"Forstmann & Company, Inc. (Old Burn Pit)",Site,A
10402,Central of Georgia Railroad Company - Macon Site,11/8/95,32.82389,-83.63444,Central of Georgia Railroad Company - Macon Site,Site,RP
10404,Celanese Fiber Company,1/10/96,34.27222,-85.1675,Celanese Fiber Company,Site,RP
10405,"AMC International, Inc.",1/3/96,34.70778,-84.955,"AMC International, Inc.",Site,RP
10406,"McKenzie Tank Lines, Inc.",1/5/96,32.13778,-81.15278,"McKenzie Tank Lines, Inc.",Site,RP
10422,Stephenson Chemical Company,9/12/96,33.62917,-84.46917,Stephenson Chemical Company,Site,A
10426,Hoxsie's Cleaners (Former),12/20/96,32.07167,-84.23222,Hoxsie's Cleaners (Former),Site,A
10427,Vulcan Performance Chemicals (Former),11/15/96,33.81917,-84.50167,Vulcan Performance Chemicals (Former),Site,RP
10428,Home Oil,1/24/97,31.37778,-84.945,Home Oil,Site,RP
10429,ARAMARK Uniform Services,1/24/97,30.84889,-83.99167,ARAMARK Uniform Services,Site,RP
10430,Rental Uniform Service of Griffin,3/19/97,33.22528,-84.27917,Rental Uniform Service of Griffin,Site,RP
10437,"GIW Industries, Inc.",2/10/97,33.45694,-82.18806,"GIW Industries, Inc.",Site,RP
10438,Jones County Municipal Solid Waste Landfill,3/27/97,32.98333,-83.53417,Jones County Municipal Solid Waste Landfill,Site,L
10440,Blue Ribbon Dry Cleaners,3/3/97,32.05861,-81.10444,Blue Ribbon Dry Cleaners,Site,RP
10441,Cascade Springs Dry Cleaner,4/2/97,33.72167,-84.50639,Cascade Springs Dry Cleaner,Site,A
10443,Mindis Recycling-Shredding Division,6/15/98,33.80889,-84.46333,Mindis Recycling-Shredding Division,Site,RP
10445,White County - Duke's Creek MSW  Landfill,3/27/97,34.66972,-83.76083,White County - Duke's Creek MSW  Landfill,Site,L
10446,Macon County SR 49 North MSWL,3/27/97,32.36472,-84.01944,Macon County SR 49 North MSWL,Site,L
10447,Dougherty Co. - Fleming Rd. MSW Landfill,3/27/97,31.53278,-84.02833,Dougherty Co. - Fleming Rd. MSW Landfill,Site,L
10448,Spalding County - Yamacraw Road MSWL,3/27/97,33.2575,-84.15944,Spalding County - Yamacraw Road MSWL,Site,L
10449,Griffin - Shoal Creek Road Landfill,3/27/97,33.25278,-84.37583,Griffin - Shoal Creek Road Landfill,Site,L
10450,Burke County Landfill,3/27/97,33.08,-81.96528,Burke County Landfill,Site,L
10451,Fayette County - 1st Manassas Mile Road MSWLF,3/27/97,33.43833,-84.47667,Fayette County - 1st Manassas Mile Road MSWLF,Site,L
10452,"Colquitt Co. - CR 15, Sunset, Phase I MSWLF",3/27/97,31.09111,-83.84528,"Colquitt Co. - CR 15, Sunset, Phase I MSWLF",Site,L
10453,Lowndes County-State Road 31 MSWL,3/27/97,30.67639,-83.3225,Lowndes County-State Road 31 MSWL,Site,L
10454,Chattooga County - Penn Bridge Rd Ph 1 (SL) MSWL,3/27/97,34.50583,-85.29639,Chattooga County - Penn Bridge Rd Ph 1 (SL) MSWL,Site,L
10455,"Washington County Landfill-Kaolin Road, Site #2",3/27/97,32.95583,-82.83528,"Washington County Landfill-Kaolin Road, Site #2",Site,L
10456,Barnesville-Goggins Road MSWL,3/27/97,33.06583,-84.13778,Barnesville-Goggins Road MSWL,Site,L
10457,Houser's Mill Road MSWLF,3/27/97,32.57167,-83.76056,Houser's Mill Road MSWLF,Site,L
10458,Habersham County Pea Ridge Road Landfill,3/27/97,34.52583,-83.58833,Habersham County Pea Ridge Road Landfill,Site,L
10459,Seaboard Industrial Blvd. Site,3/14/97,33.80833,-84.43167,Seaboard Industrial Blvd. Site,Site,RP
10460,"Ware County-US 82, Waresboro MSWL",3/27/97,31.27111,-82.46972,"Ware County-US 82, Waresboro MSWL",Site,L
10461,"Stephens County SR 145, Phases 2 & 3 MSWL",3/27/97,34.54028,-83.30917,"Stephens County SR 145, Phases 2 & 3 MSWL",Site,L
10462,Wilkes County-CR 40 MSWL,3/27/97,33.69528,-82.73778,Wilkes County-CR 40 MSWL,Site,L
10464,Vopak Terminal Savannah,4/22/97,32.11667,-81.13333,Vopak Terminal Savannah,Site,RP
10466,"Baychem, Inc.",6/13/97,34.04028,-84.61417,"Baychem, Inc.",Site,RP
10467,Bleckley County Municipal Landfill,4/28/97,32.42139,-83.30944,Bleckley County Municipal Landfill,Site,L
10472,Parker Hannifin Corp./Abex NWL Div.,7/25/97,32.51639,-82.94444,Parker Hannifin Corp./Abex NWL Div.,Site,RP
10474,Bekaert Corporation,7/25/97,34.22,-85.17028,Bekaert Corporation,Site,RP
10475,LaGrange - Municipal Solid Waste Landfill,7/30/97,33.0475,-84.95583,LaGrange - Municipal Solid Waste Landfill,Site,L
10476,Calhoun - Harris Rd. Phase 4 (L),7/30/97,34.49167,-84.99361,Calhoun - Harris Rd. Phase 4 (L),Site,L
10477,Ocilla - SR 32 East MSWL,7/30/97,31.59694,-83.14,Ocilla - SR 32 East MSWL,Site,L
10478,Heard Co. - Frolona Rd. MSWL,6/24/97,33.30139,-85.17722,Heard Co. - Frolona Rd. MSWL,Site,L
10479,Greene County - US 278 West MSWL,7/30/97,33.61417,-83.10222,Greene County - US 278 West MSWL,Site,L
10480,"Jackson County - SR 82 North, Phase II MSWL",7/30/97,34.145,-83.55056,"Jackson County - SR 82 North, Phase II MSWL",Site,L
10481,"Arch Wood Protection, Inc. (fka Hickson Corporation)",6/30/97,33.66139,-84.32639,"Arch Wood Protection, Inc. (fka Hickson Corporation)",Site,RP
10482,Rockyface-Westside Municipal Solid Waste Landfill,7/30/97,34.75,-85.04694,Rockyface-Westside Municipal Solid Waste Landfill,Site,L
10484,Rabun Co. - Eastman Mountain Road Landfill,7/30/97,34.80972,-83.40972,Rabun Co. - Eastman Mountain Road Landfill,Site,L
10485,"Forsyth, Old Brent Rd. MSWL",7/30/97,33.01861,-83.95611,"Forsyth, Old Brent Rd. MSWL",Site,L
10486,Orkin Pest Control,7/31/97,32.46278,-84.93,Orkin Pest Control,Site,RP
10490,Lumpkin Co. - Barlow  Rd. MSWL,8/14/97,34.52444,-83.99917,Lumpkin Co. - Barlow  Rd. MSWL,Site,L
10494,Ruby Quarry Asphalt Plant Site,12/8/97,32.92361,-83.49556,Ruby Quarry Asphalt Plant Site,Site,RP
10495,5998  Fairburn Road - Dry Cleaners,1/8/98,33.75083,-84.72944,5998  Fairburn Road - Dry Cleaners,Site,A
10497,Savannah Dry Cleaners,2/5/98,32.03694,-81.08972,Savannah Dry Cleaners,Site,A
10498,General Chemical Corporation,2/20/98,33.67083,-84.43583,General Chemical Corporation,Site,RP
10499,Eagle Rockbridge Shopping Center,3/10/98,33.7875,-84.21139,Eagle Rockbridge Shopping Center,Site,RP
10502,Transco Railcar Facility (Former),3/19/98,32.82611,-83.6275,Transco Railcar Facility (Former),Site,RP
10505,Station at Vinings (The),4/17/98,33.86556,-84.46972,Station at Vinings (The),Site,RP
10508,Aladdin Cleaners,7/27/98,33.98833,-84.53194,Aladdin Cleaners,Site,A
10510,"Star Laundry, Inc. (Fabracare)",7/30/98,32.5525,-83.88778,"Star Laundry, Inc. (Fabracare)",Site,RP
10511,Macon MGP Site,7/24/98,32.83444,-83.62056,Macon MGP Site,Site,RP
10513,Circle K Store #5259,9/18/98,33.96472,-84.41472,Circle K Store #5259,Site,RP
10515,"Sechem, Inc.",10/23/98,33.96972,-84.18306,"Sechem, Inc.",Site,RP
10518,North Park Pavilion Shopping Center,1/5/99,33.9025,-84.48167,North Park Pavilion Shopping Center,Site,A
10521,Hunter Army Airfield - MCA Barracks,1/12/99,32.02556,-81.13722,Hunter Army Airfield - MCA Barracks,Site,RP
10523,American Amalgamated/Executive Dry Cleaners,2/11/99,33.90694,-84.10861,American Amalgamated/Executive Dry Cleaners,Site,RP
10524,"Wheelers Manufacturing Company, Inc.",2/16/99,32.80833,-83.63722,"Wheelers Manufacturing Company, Inc.",Site,A
10538,Flags Village Shopping Center,7/30/99,33.77778,-84.56583,Flags Village Shopping Center,Site,A
10540,Dawson Manufacturing Company,5/7/99,31.76667,-84.41944,Dawson Manufacturing Company,Site,RP
10542,Roswell Station,4/7/99,34.00528,-84.39056,Roswell Station,Site,A
10543,"United Technologies Automotive, Inc.",4/12/99,33.45028,-82.53889,"United Technologies Automotive, Inc.",Site,RP
10547,Rayloc Facility,6/11/99,33.77167,-84.52472,Rayloc Facility,Site,RP
10548,RentRite Property,6/11/99,33.77278,-84.52639,RentRite Property,Site,RP
10553,Georgia Air National Guard/Savannah/Site 8,9/15/99,32.12972,-81.18583,Georgia Air National Guard/Savannah/Site 8,Site,RP
10573,Louisiana Pacific Corp. - Statesboro,8/24/99,32.41972,-81.80417,Louisiana Pacific Corp. - Statesboro,Site,RP
10577,Albany Warehouse Company Site,8/23/99,31.60139,-84.15417,Albany Warehouse Company Site,Site,RP
10583,"Pavilion Cleaners, Riverdale Mall",10/5/99,33.54278,-84.40167,"Pavilion Cleaners, Riverdale Mall",Site,RP
10586,Brown Steel Contractors - Broad Street Facility,10/15/99,33.37333,-84.7975,Brown Steel Contractors - Broad Street Facility,Site,RP
10587,"STSE, Inc.",10/15/99,31.17472,-81.49111,"STSE, Inc.",Site,RP
10590,Central of Georgia Railroad Company - Battlefield Park,11/12/99,32.07583,-81.1,Central of Georgia Railroad Company - Battlefield Park,Site,RP
10591,"Southern Motors of Savannah, Inc.",12/10/99,31.98972,-81.12972,"Southern Motors of Savannah, Inc.",Site,RP
10594,Old National Shopping Center,12/7/99,33.58944,-84.47083,Old National Shopping Center,Site,RP
10611,CSXT Depriest Signal Shop,2/10/00,32.06833,-81.085,CSXT Depriest Signal Shop,Site,RP
10614,Legion Industries,3/14/00,33.10194,-82.0075,Legion Industries,Site,RP
10620,Cherokee Shopping Center,4/21/00,33.44,-82.02389,Cherokee Shopping Center,Site,RP
10625,Washington Manufacturing Company,5/5/00,32.9425,-82.805,Washington Manufacturing Company,Site,A
10627,Liberty Oil and Refining,5/11/00,31.13139,-83.705,Liberty Oil and Refining,Site,A
10628,Coastal Plains Treating Company,6/23/01,31.43,-83.50389,Coastal Plains Treating Company,Site,A
10635,Del Cook Lumber Company,9/19/00,31.12806,-83.42833,Del Cook Lumber Company,Site,RP
10636,One Hour Martinizing,9/25/00,33.94,-84.18,One Hour Martinizing,Site,RP
10640,K & D Cleaners (assoc. with Peach Orchard NPL),12/15/00,33.41861,-82.02417,K & D Cleaners (assoc. with Peach Orchard NPL),Site,A
10641,"Tronox/Kerr McGee Pigments, Inc. (Former)",10/18/00,32.08222,-81.02583,"Tronox/Kerr McGee Pigments, Inc. (Former)",Site,RP
10643,Berrien County Landfill,1/24/01,31.12778,-83.23861,Berrien County Landfill,Site,L
10645,Quitman - SR 333 Landfill,1/24/01,30.75194,-83.5475,Quitman - SR 333 Landfill,Site,L
10646,Bryan County - US 280 Mill Creek MSWLF,1/24/01,32.15333,-81.50972,Bryan County - US 280 Mill Creek MSWLF,Site,L
10647,Camden County Vacuna Road LF,1/24/01,30.78111,-81.69,Camden County Vacuna Road LF,Site,L
10648,Carroll County / Carrollton SR 166 LF,1/24/01,33.55111,-85.15361,Carroll County / Carrollton SR 166 LF,Site,L
10649,Chatham County Landfill,1/24/01,32.05806,-81.21472,Chatham County Landfill,Site,L
10650,Cherokee County - Blalock Road Landfill,1/24/01,34.14889,-84.48389,Cherokee County - Blalock Road Landfill,Site,L
10651,Coffee County Landfill,1/24/01,31.5725,-82.89556,Coffee County Landfill,Site,L
10652,Columbia County - Baker Place Road MSWLF,1/24/01,33.48917,-82.22889,Columbia County - Baker Place Road MSWLF,Site,L
10654,Dawson County Shoal Hole Road MSWL,1/24/01,34.43861,-84.11972,Dawson County Shoal Hole Road MSWL,Site,L
10656,Dooly County - CR 101 MSWLF,1/24/01,32.12556,-83.84722,Dooly County - CR 101 MSWLF,Site,L
10657,Douglas County Landfill - Cedar Mt/Worthan Rd Phase 1,1/24/01,33.76556,-84.81083,Douglas County Landfill - Cedar Mt/Worthan Rd Phase 1,Site,L
10658,Blakely - Howell Street / Pit Road MSWLF,1/24/01,31.40056,-84.92889,Blakely - Howell Street / Pit Road MSWLF,Site,L
10659,Elbert County Landfill,1/24/01,34.135,-82.78083,Elbert County Landfill,Site,L
10660,Emanuel Co. - SR 297 Swainsboro (SL),1/24/01,32.51639,-82.33278,Emanuel Co. - SR 297 Swainsboro (SL),Site,L
10661,Fannin County Landfill,1/24/01,34.89861,-84.34972,Fannin County Landfill,Site,L
10662,Franklin County - Harrison Bridge Road MSWLF,1/24/01,34.34194,-83.22806,Franklin County - Harrison Bridge Road MSWLF,Site,L
10663,Fulton County Landfill,1/24/01,33.66917,-84.56556,Fulton County Landfill,Site,L
10664,Gilmer County SR 52 - Tower Road MSWLF,1/24/01,34.71389,-84.49056,Gilmer County SR 52 - Tower Road MSWLF,Site,L
10665,Glynn Co. - Cate Road C&D MSWLF,1/24/01,31.25861,-81.52444,Glynn Co. - Cate Road C&D MSWLF,Site,L
10666,Haralson County Landfill (US 78 Bremen),1/24/01,33.69917,-85.22944,Haralson County Landfill (US 78 Bremen),Site,L
10667,Hart County Landfill,1/24/01,34.31389,-82.93917,Hart County Landfill,Site,L
10668,West Asbury Road Phase II MSWL,10/31/00,33.43222,-84.17028,West Asbury Road Phase II MSWL,Site,L
10669,Jefferson County - US 1 (Avera Rd) MSWLF,1/24/01,33.03083,-82.40944,Jefferson County - US 1 (Avera Rd) MSWLF,Site,L
10670,Lamar County - Grove Street Extension MSWLF,1/24/01,33.08583,-84.20833,Lamar County - Grove Street Extension MSWLF,Site,L
10671,Lee County - SR 32 MSWLF,1/24/01,31.73306,-84.12028,Lee County - SR 32 MSWLF,Site,L
10672,Liberty County - Limerick Road MSWLF,1/24/01,31.84278,-81.39611,Liberty County - Limerick Road MSWLF,Site,L
10673,Valdosta - Wetherington Lane SWLF,1/24/01,30.82389,-83.35972,Valdosta - Wetherington Lane SWLF,Site,L
10675,McIntosh County - King Road MSWLF,1/24/01,31.51333,-81.4825,McIntosh County - King Road MSWLF,Site,L
10676,Mitchell County - SR 3A MSWLF,1/24/01,31.16861,-84.16917,Mitchell County - SR 3A MSWLF,Site,L
10677,Murray County - US 411 Westside MSWLF,1/24/01,34.68056,-84.73056,Murray County - US 411 Westside MSWLF,Site,L
10678,Newton County - Lower River Road MSWL,1/24/01,33.55139,-83.89528,Newton County - Lower River Road MSWL,Site,L
10679,Pickens Co.  - Jones Mountain Road Westside MSWLF,1/24/01,34.54167,-84.47528,Pickens Co.  - Jones Mountain Road Westside MSWLF,Site,L
10680,Pierce County - SR 121 MSWLF,1/24/01,31.34917,-82.2125,Pierce County - SR 121 MSWLF,Site,L
10682,Terrell County - U. S. 82 MSWLF,1/24/01,31.74139,-84.41944,Terrell County - U. S. 82 MSWLF,Site,L
10683,Tifton - Omega / Eldorado Road MSWLF,1/21/01,31.3575,-83.53667,Tifton - Omega / Eldorado Road MSWLF,Site,L
10684,Towns County - SR 288 MSWLF,1/24/01,34.92722,-83.74639,Towns County - SR 288 MSWLF,Site,L
10685,"Upson County - Zorn Street Phase 2, 3 MSWLF",1/24/01,32.86361,-84.32444,"Upson County - Zorn Street Phase 2, 3 MSWLF",Site,L
10686,Wayne County - Goose Creek Phase 1 MSWLF,1/24/01,31.66444,-81.91556,Wayne County - Goose Creek Phase 1 MSWLF,Site,L
10687,Whitfield Co./Dalton-Old Dixie Hwy Phase 2 4 & 5 MSWLF,1/24/01,34.65139,-84.95028,Whitfield Co./Dalton-Old Dixie Hwy Phase 2 4 & 5 MSWLF,Site,L
10688,Wilkinson Co. - Hwy. 57 Public Works Camp MSWLF,1/24/01,32.83333,-83.26417,Wilkinson Co. - Hwy. 57 Public Works Camp MSWLF,Site,L
10693,Basket Creek Drum Disposal Site,1/18/01,33.59083,-84.81639,Basket Creek Drum Disposal Site,Site,RP
10695,Junction Cleaners,2/28/01,34.015,-84.49528,Junction Cleaners,Site,RP
10696,"Hercules, Inc.",3/9/01,32.08806,-81.14778,"Hercules, Inc.",Site,RP
10701,Alternate Energy Resources - NPL Site,8/16/01,33.45417,-82.03722,Alternate Energy Resources - NPL Site,Site,RP
10703,"Swainsboro Electro Plating, Inc.",9/24/01,32.55889,-82.33694,"Swainsboro Electro Plating, Inc.",Site,A
10707,"Specialty Stampings, L.L.C.",11/16/01,31.14194,-83.42778,"Specialty Stampings, L.L.C.",Site,RP
10708,Busby  Cleaners,12/3/01,31.85194,-81.6,Busby  Cleaners,Site,A
10711,Candler County S.R. 121 Metter # 021-001D(SL),12/31/01,32.45556,-82.06472,Candler County S.R. 121 Metter # 021-001D(SL),Site,L
10712,Union County MSW Landfill,12/31/01,34.89333,-83.95972,Union County MSW Landfill,Site,L
10713,Effingham County - SR 17 MSWLF,12/31/01,32.30611,-81.40361,Effingham County - SR 17 MSWLF,Site,L
10714,Turner County - SR 112 Ashburn Phase 3 MSWLF,1/4/02,31.73583,-83.575,Turner County - SR 112 Ashburn Phase 3 MSWLF,Site,L
10715,Durand MSW Landfill,1/4/02,32.96583,-84.78056,Durand MSW Landfill,Site,L
10716,Buford - McEver Road MSWLF,1/4/02,34.12833,-84.01639,Buford - McEver Road MSWLF,Site,L
10718,Sugar Hill - Appling Road MSWLF,1/4/02,34.12083,-84.03778,Sugar Hill - Appling Road MSWLF,Site,L
10719,Crawford County - SR 341 / Hopewell Road MSWLF,1/7/02,32.77389,-83.99944,Crawford County - SR 341 / Hopewell Road MSWLF,Site,L
10720,Alma - Radio Station Road MSWLF,1/1/02,31.52028,-82.43472,Alma - Radio Station Road MSWLF,Site,L
10721,Cairo - 6th Avenue (SL) MSWLF,1/7/02,30.88194,-84.22833,Cairo - 6th Avenue (SL) MSWLF,Site,L
10722,Johnson County - SR 15 Wrightsville Ph 2 (SL) MSWLF,1/7/02,32.68194,-82.71,Johnson County - SR 15 Wrightsville Ph 2 (SL) MSWLF,Site,L
10723,Sumter County Landfill,1/11/02,32.06528,-84.27778,Sumter County Landfill,Site,L
10724,Taylor's Dry Cleaning (assoc. with Peach Orchard NPL),1/7/02,33.42028,-82.01944,Taylor's Dry Cleaning (assoc. with Peach Orchard NPL),Site,RP
10730,One-Hour Cleanerizing (assoc. with Peach Orchard NPL),2/25/02,33.42389,-82.01889,One-Hour Cleanerizing (assoc. with Peach Orchard NPL),Site,RP
10732,National Smelting and Refining,3/5/02,33.79278,-84.40194,National Smelting and Refining,Site,RP
10734,"C & D Technologies, Inc.",3/27/02,33.67583,-84.04694,"C & D Technologies, Inc.",Site,RP
10736,"Albany MGP, Former",6/24/02,31.58639,-84.14778,"Albany MGP, Former",Site,RP
10737,Atlantic Cotton Mills,5/22/02,32.84194,-83.65694,Atlantic Cotton Mills,Site,RP
10738,"O'Neill Manufacturing, Inc.",7/30/02,34.26944,-85.15556,"O'Neill Manufacturing, Inc.",Site,A
10739,"Daniel Measurement and Control, Inc.",7/31/02,32.48722,-81.72889,"Daniel Measurement and Control, Inc.",Site,RP
10740,Unitog Company Facility (Former),9/19/02,33.755,-84.55083,Unitog Company Facility (Former),Site,RP
10741,Chem-Am,9/23/02,33.06,-84.97194,Chem-Am,Site,A
10742,GA DOT Jesup District Office Complex,10/10/02,31.595,-81.86778,GA DOT Jesup District Office Complex,Site,RP
10744,Klemic Property / Augusta Ordnance Depot (Former),10/3/02,33.46,-82.00194,Klemic Property / Augusta Ordnance Depot (Former),Site,RP
10747,Simmons Plating Works,11/7/02,33.74528,-84.40111,Simmons Plating Works,Site,A
10748,Shakerag Cleaners,11/14/02,33.62083,-84.235,Shakerag Cleaners,Site,A
10749,Walton County Landfill,12/4/02,33.835,-83.75,Walton County Landfill,Site,L
10750,Vienna Street Dump,1/7/03,32.56,-83.87389,Vienna Street Dump,Site,L
10751,Lanier County-Studstill Road MSWLF,1/10/03,31.06694,-83.07806,Lanier County-Studstill Road MSWLF,Site,L
10752,Jeff Davis - CR 20 MSWLF,1/10/03,31.86056,-82.68694,Jeff Davis - CR 20 MSWLF,Site,L
10758,Huntridge Shopping Center,3/19/03,33.98667,-84.35139,Huntridge Shopping Center,Site,RP
10760,Vantran Electric,4/2/03,32.99139,-82.38556,Vantran Electric,Site,A
10765,Manchester Tank Company,5/15/03,34.01194,-85.27694,Manchester Tank Company,Site,RP
10766,Ram Leather Care,6/23/03,33.66583,-84.03694,Ram Leather Care,Site,RP
10769,Lanier Plaza Shopping Center,8/28/03,31.15917,-81.47917,Lanier Plaza Shopping Center,Site,RP
10771,MENA Rockmart Facility,10/16/03,34.01389,-85.06389,MENA Rockmart Facility,Site,RP
10775,"Pennington Seed, Inc. Warehouse (Former)",3/10/04,32.21083,-82.39,"Pennington Seed, Inc. Warehouse (Former)",Site,RP
10776,Arthur C. Curtis Property,3/26/03,33.91694,-84.24361,Arthur C. Curtis Property,Site,RP
10782,"Polymer Specialties, Inc.",6/23/04,34.98111,-85.435,"Polymer Specialties, Inc.",Site,RP
10783,"Amercord, Inc.",6/23/04,31.92444,-82.68278,"Amercord, Inc.",Site,A
10784,"B & M Wood Products, Inc.",6/29/04,31.12694,-82.58306,"B & M Wood Products, Inc.",Site,RP
10788,Southside Cleaners,9/8/04,31.97361,-81.13306,Southside Cleaners,Site,RP
10789,"Dry Clean, USA",8/31/04,31.98167,-81.14806,"Dry Clean, USA",Site,A
10790,Love Your Clothes Cleaners,9/2/04,34.01306,-84.49278,Love Your Clothes Cleaners,Site,A
10792,"Amrep, Inc. - Marietta",9/3/04,33.97583,-84.53944,"Amrep, Inc. - Marietta",Site,RP
10797,Weddington Estate,3/11/05,33.76056,-84.505,Weddington Estate,Site,A
10798,Tara Shopping Center,4/26/05,33.52,-84.36278,Tara Shopping Center,Site,RP
10799,"Concord Fabrics, Inc.",5/13/05,33.08722,-83.28472,"Concord Fabrics, Inc.",Site,RP
10804,Cork's Fabricare,6/1/05,31.22333,-81.47833,Cork's Fabricare,Site,RP
10808,Lowe's Home Improvement Warehouse,7/19/05,33.55083,-84.41389,Lowe's Home Improvement Warehouse,Site,RP
10810,Pineview Plaza Shopping Center,7/21/05,33.58694,-84.47278,Pineview Plaza Shopping Center,Site,RP
10812,All Rental,7/27/05,33.93361,-84.21889,All Rental,Site,RP
10813,Franklin Street Site,7/27/05,33.80778,-84.64333,Franklin Street Site,Site,A
10814,Jack's Cleaners,9/13/05,34.04056,-84.4775,Jack's Cleaners,Site,RP
10815,Hometown Cleaners (Former),9/21/05,33.58194,-83.48417,Hometown Cleaners (Former),Site,A
10816,Rolling Hills Landfill,10/11/05,33.61556,-84.41639,Rolling Hills Landfill,Site,RP
10817,Klouda Estate,10/25/05,32.55778,-83.84194,Klouda Estate,Site,RP
10818,Estech General Chemicals Albany,10/28/05,31.59806,-84.15417,Estech General Chemicals Albany,Site,RP
10819,VIP Cleaners (former),10/31/05,33.94139,-84.16417,VIP Cleaners (former),Site,RP
10825,"Coats American, Inc.",12/13/05,34.9775,-85.29389,"Coats American, Inc.",Site,RP
10826,Chase Road Property,1/31/06,34.51778,-83.51194,Chase Road Property,Site,RP
10829,Square D Company (Former),1/13/06,33.79278,-84.43,Square D Company (Former),Site,RP
10830,"Chemical Specialists and Development, Inc.",1/27/06,33.85194,-84.20278,"Chemical Specialists and Development, Inc.",Site,RP
10834,"Thomas & Co., Inc.",5/24/06,33.26667,-84.25889,"Thomas & Co., Inc.",Site,L
10837,Trinity Dry Cleaners,6/23/06,31.58667,-84.18472,Trinity Dry Cleaners,Site,RP
10838,Hydro Aluminum,7/23/06,31.18,-83.74194,Hydro Aluminum,Site,RP
10839,Gibson - CR 50 Ph. 1 MSWLF,6/28/06,33.21083,-82.60944,Gibson - CR 50 Ph. 1 MSWLF,Site,L
10840,Richmond County - Dean's Bridge Road,7/28/06,33.35,-82.13694,Richmond County - Dean's Bridge Road,Site,L
10843,Floyd County - Berryhill Road Sanitary Landfill,9/8/06,34.30889,-85.27778,Floyd County - Berryhill Road Sanitary Landfill,Site,L
10844,North Berkeley Lake Road Site,9/25/06,33.98333,-84.16861,North Berkeley Lake Road Site,Site,RP
10846,Robert Bosch Tool Corporation,9/30/06,34.52833,-83.2825,Robert Bosch Tool Corporation,Site,RP
10849,Toto Distribution (Former),1/16/07,32.08194,-81.11,Toto Distribution (Former),Site,RP
10851,"Stewart County Landfill, CR 145 S Ph 2 (SL)",4/24/07,32.0375,-84.77722,"Stewart County Landfill, CR 145 S Ph 2 (SL)",Site,L
10852,Warren County - Shoals Street #2 MSWL,4/24/07,33.39889,-82.67111,Warren County - Shoals Street #2 MSWL,Site,L
10853,Worth County SR 112 MSWL,4/24/07,31.55306,-83.7925,Worth County SR 112 MSWL,Site,L
10854,Calhoun County SR 45 Morgan (SL),4/24/07,31.535,-84.65,Calhoun County SR 45 Morgan (SL),Site,L
10855,Paulding County - Gulledge Road MSWL,4/24/07,34.02,-84.80083,Paulding County - Gulledge Road MSWL,Site,L
10856,Harris County Hamilton Road E MSWL,4/24/07,32.74444,-84.81278,Harris County Hamilton Road E MSWL,Site,L
10857,Randolph County Brooksville Road Ph 1 MSWL,4/24/07,31.79611,-84.75056,Randolph County Brooksville Road Ph 1 MSWL,Site,L
10858,Decatur County SR 309 MSWL,4/24/07,30.83694,-84.56778,Decatur County SR 309 MSWL,Site,L
10859,Walker County Marble Top Road MSWL,4/24/07,34.83528,-85.365,Walker County Marble Top Road MSWL,Site,L
10860,Schley County CR 65 MSWL,4/24/07,32.24806,-84.23056,Schley County CR 65 MSWL,Site,L
10863,Paper Mill Road Undeveloped Tract,3/26/07,33.9525,-83.96278,Paper Mill Road Undeveloped Tract,Site,L
10867,"Coastal Concrete, Inc.",7/27/07,32.08194,-81.12778,"Coastal Concrete, Inc.",Site,RP
10869,"Kemira Chemicals, Inc. Marietta Facility",8/22/07,33.99222,-84.52806,"Kemira Chemicals, Inc. Marietta Facility",Site,RP
10872,Hock's One Hour Martinizing/Embassy Cleaners,7/17/08,33.92694,-84.49194,Hock's One Hour Martinizing/Embassy Cleaners,Site,RP
10874,Proctor Square Cleaners,9/7/07,34.00083,-84.14278,Proctor Square Cleaners,Site,RP
10875,Silverstein's Cleaners,10/5/07,33.51194,-82.08806,Silverstein's Cleaners,Site,RP
10876,Glennville Wood Preserving,10/19/07,31.94667,-81.94806,Glennville Wood Preserving,Site,A
10880,Dry Cleaning Depot,11/5/07,34.02778,-84.35778,Dry Cleaning Depot,Site,RP
10882,W.F. Taylor Co. Inc.,12/4/07,34.68861,-84.98944,W.F. Taylor Co. Inc.,Site,RP
10884,JNV Investments Group (f.k.a Professional Cleaners),12/27/07,33.76278,-84.19528,JNV Investments Group (f.k.a Professional Cleaners),Site,RP
10885,Plant McManus Substation,4/21/08,31.21278,-81.545,Plant McManus Substation,Site,RP
10889,Lincoln County - CR 121/Prater Landfill,4/18/08,33.8225,-82.46333,Lincoln County - CR 121/Prater Landfill,Site,L
10890,B&L Discount Auto,4/25/08,33.69278,-84.26083,B&L Discount Auto,Site,RP
10891,431 Vine Street (assoc. with Westside Lead NPL Site),6/19/08,33.76639,-84.40722,431 Vine Street (assoc. with Westside Lead NPL Site),Site,RP
10893,"Best Manufacturing Company,Armuchee Div",8/26/08,34.36417,-85.16917,"Best Manufacturing Company,Armuchee Div",Site,RP
10896,City of Waycross Blackwell Road Landfill,12/31/08,31.195,-82.34806,City of Waycross Blackwell Road Landfill,Site,L
10897,Rita's Dry Cleaners,1/20/09,33.86083,-84.3325,Rita's Dry Cleaners,Site,RP
10900,Spears Mattress Company,8/18/09,34.23861,-85.17361,Spears Mattress Company,Site,RP
10901,Roper Pump Company,11/23/09,34.21472,-83.4825,Roper Pump Company,Site,RP
10902,Rose City Cleaners (Former),11/10/09,30.83889,-83.98278,Rose City Cleaners (Former),Site,RP
10903,Hunter Army Airfield/TCE Plume,11/20/09,32.01444,-81.14417,Hunter Army Airfield/TCE Plume,Site,RP
10904,Carriage Cleaners (Former),4/5/10,33.85361,-84.38222,Carriage Cleaners (Former),Site,RP
10905,CSXT Property on Feeley Avenue,3/25/10,32.075,-81.11389,CSXT Property on Feeley Avenue,Site,RP
10909,Glynco Naval Air Station (Cotton Court Property),5/12/10,31.25194,-81.45222,Glynco Naval Air Station (Cotton Court Property),Site,RP
10910,110 North Main Street,7/16/10,31.18139,-83.78861,110 North Main Street,Site,RP
10911,"DOT Sales and Supplies, Inc.",9/3/10,33.66722,-84.03944,"DOT Sales and Supplies, Inc.",Site,RP
10912,Grantville Mill,8/31/10,33.2375,-84.83167,Grantville Mill,Site,RP
10913,Avalon Plant,9/24/10,34.50694,-83.21889,Avalon Plant,Site,RP
10916,McTeer Food and Fuel,3/11/11,33.45639,-81.96889,McTeer Food and Fuel,Site,RP
10919,2217 West Bay Street,9/16/11,32.09,-81.125,2217 West Bay Street,Site,RP
10921,Joy Dry Cleaners/Lee's Shopping Center,8/29/11,31.82667,-81.61972,Joy Dry Cleaners/Lee's Shopping Center,Site,RP
10922,One Hour Martinizing Cleaners (Former),4/11/14,33.92389,-84.57278,One Hour Martinizing Cleaners (Former),Site,RP
10923,"Rice Iron and Metals, Inc. (Former)",9/25/12,30.81889,-83.30528,"Rice Iron and Metals, Inc. (Former)",Site,RP
10924,"Amrep, Inc. - Cartersville (Former)",1/23/13,34.155,-84.79167,"Amrep, Inc. - Cartersville (Former)",Site,RP
10925,Duck Barnes Dry Cleaners,8/15/13,30.84667,-83.30278,Duck Barnes Dry Cleaners,Site,RP
10926,Guardian Automotive Corporation (dba SRG Global Covington),12/6/13,33.61278,-83.835,Guardian Automotive Corporation (dba SRG Global Covington),Site,RP
10927,Westside Cleaners (former),11/22/13,33.935,-84.55667,Westside Cleaners (former),Site,RP
10928,Pike County - County Farm Road MSWL,11/22/13,33.12111,-84.36472,Pike County - County Farm Road MSWL,Site,L
10929,Pilot Wastewater Treatment Plant,12/17/14,32.97278,-85.02667,Pilot Wastewater Treatment Plant,Site,RP
10930,Cleveland Cleaners,11/2/15,34.5975,-83.76417,Cleveland Cleaners,Site,RP
10931,Ideal Cleaners,3/9/15,33.03944,-85.02778,Ideal Cleaners,Site,RP
10932,Tropical Breeze Laundry,5/31/16,33.70806,-84.45444,Tropical Breeze Laundry,Site,RP
10933,E. Cohn Property (Former),9/4/15,32.45583,-84.98306,E. Cohn Property (Former),Site,RP
10934,Spence Family Partnership,11/2/15,30.85722,-83.94806,Spence Family Partnership,Site,RP
10935,Woodward Dry Cleaners (Former),12/21/15,33.24472,-84.26528,Woodward Dry Cleaners (Former),Site,RP
10936,Brown and Brown Wrecker Service,12/2/15,33.89833,-84.285,Brown and Brown Wrecker Service,Site,A
10937,Occidental Chemical Corporation,5/17/16,33.39,-81.9925,Occidental Chemical Corporation,Site,RP
10938,East Coast Asphalt,2/2/17,31.22333,-82.36861,East Coast Asphalt,Site,RP
10939,Noble Cleaners (Former),1/10/17,33.97028,-84.53444,Noble Cleaners (Former),Site,RP
10940,Star Cleaners (Former),1/31/17,32.46083,-83.73111,Star Cleaners (Former),Site,RP
10941,US Cleaners,2/15/17,34.06833,-84.52056,US Cleaners,Site,RP
10942,Nelms Drive Landfill,3/7/17,33.66944,-84.28083,Nelms Drive Landfill,Site,L
10943,Milliken & Company,3/10/17,34.54639,-83.40139,Milliken & Company,Site,RP
10944,U.S. Army - Fort Gillem - Southeast Burial Site,6/22/17,33.61806,-84.31806,U.S. Army - Fort Gillem - Southeast Burial Site,Site,RP
10945,Master Kleen Site (Former),9/8/17,33.81472,-84.26972,Master Kleen Site (Former),Site,RP
10946,Albany Theater,10/16/17,31.58278,-84.15417,Albany Theater,Site,RP
10947,New Heritage Cleaners (Former),2/27/18,33.94333,-83.99306,New Heritage Cleaners (Former),Site,RP
10948,Agri-Cycle,5/22/18,34.19111,-83.72861,Agri-Cycle,Site,A
10949,60 Minute Cleaners,7/24/18,33.68194,-84.40694,60 Minute Cleaners,Site,RP
10950,River Oak Plaza Shopping Center,2/19/19,33.88833,-84.06222,River Oak Plaza Shopping Center,Site,RP
10951,Armstrong World Industries (Macon Plant) - NPL Site,4/2/19,32.76861,-83.65083,Armstrong World Industries (Macon Plant) - NPL Site,Site,RP
10952,"AAA Asphalt Products, Inc.",7/16/19,32.68222,-83.70722,"AAA Asphalt Products, Inc.",Site,RP
10954,Bradley Circle Properties/Bradley Circle Landfill (Former),6/23/20,32.48944,-84.99278,Bradley Circle Properties/Bradley Circle Landfill (Former),Site,L
10955,Spalding Square Shopping Center,5/4/20,33.22056,-84.26889,Spalding Square Shopping Center,Site,RP
10956,Ace Pole Company,5/28/20,31.25667,-82.29306,Ace Pole Company,Site,RP
10957,Sunny Cleaner,3/1/21,33.49972,-84.24778,Sunny Cleaner,Site,RP
10958,Pine Grove/Appling County Herbicide Spill,10/8/21,31.8125,-82.45111,Pine Grove/Appling County Herbicide Spill,Site,RP
10959,455 Virgil Drive,10/28/21,34.73639,-84.965,455 Virgil Drive,Site,RP
10960,15667 Alabama Highway,10/28/21,34.76833,-85.15,15667 Alabama Highway,Site,RP
10961,21-Acre Undeveloped Parcel,12/21/21,33.81417,-84.4825,21-Acre Undeveloped Parcel,Site,RP
10962,Piedmont Paints and Primer (Former),6/1/22,34.53639,-83.30111,Piedmont Paints and Primer (Former),Site,RP
10963,Aerospace Defense Coatings (ADC) - Main Plant,6/1/23,32.69833,-83.66333,Aerospace Defense Coatings (ADC) - Main Plant,Site,RP
10964,Aerospace Defense Coatings (ADC) - Grace Plant,6/1/23,32.70667,-83.66611,Aerospace Defense Coatings (ADC) - Grace Plant,Site,RP
methyl parathion,methyl parathion,,,,,Chemical,
2-chloronaphthalene,2-chloronaphthalene,,,,,Chemical,
"1,1,2-trichloro-1 ,2,2-trifluoroethane","1,1,2-trichloro-1 ,2,2-trifluoroethane",,,,,Chemical,
endosulfan (mixed isomers),endosulfan (mixed isomers),,,,,Chemical,
beta-benzenehexachloride,beta-benzenehexachloride,,,,,Chemical,
naphthalene,naphthalene,,,,,Chemical,
vanadium pentoxide,vanadium pentoxide,,,,,Chemical,
mercury,mercury,,,,,Chemical,
phenanthrene,phenanthrene,,,,,Chemical,
fluorene,fluorene,,,,,Chemical,
copper,copper,,,,,Chemical,
parathion,parathion,,,,,Chemical,
endosulfan sulfate,endosulfan sulfate,,,,,Chemical,
"1,2-dichloropropane","1,2-dichloropropane",,,,,Chemical,
dieldrin,dieldrin,,,,,Chemical,
p-cresol,p-cresol,,,,,Chemical,
p-dioxane,p-dioxane,,,,,Chemical,
methylene bromide,methylene bromide,,,,,Chemical,
"dichloropropene, nos","dichloropropene, nos",,,,,Chemical,
butyl benzyl phthalate,butyl benzyl phthalate,,,,,Chemical,
"2,4-dichlorophenoxyacetic acid, salts and esters","2,4-dichlorophenoxyacetic acid, salts and esters",,,,,Chemical,
acenaphthene,acenaphthene,,,,,Chemical,
cresols,cresols,,,,,Chemical,
di-n-propylnitrosamine,di-n-propylnitrosamine,,,,,Chemical,
chloroform,chloroform,,,,,Chemical,
benzenehexachloride,benzenehexachloride,,,,,Chemical,
dibromochloropropane,dibromochloropropane,,,,,Chemical,
delta-benzenehexachloride,delta-benzenehexachloride,,,,,Chemical,
hydrazobenzene,hydrazobenzene,,,,,Chemical,
acenaphthylene,acenaphthylene,,,,,Chemical,
"2,2-oxybis(1-chloropropane)","2,2-oxybis(1-chloropropane)",,,,,Chemical,
acetone,acetone,,,,,Chemical,
aldrin,aldrin,,,,,Chemical,
chrysene,chrysene,,,,,Chemical,
fluorine,fluorine,,,,,Chemical,
"indeno(1,2,3-cd)pyrene","indeno(1,2,3-cd)pyrene",,,,,Chemical,
tetrahydrofuran,tetrahydrofuran,,,,,Chemical,
m-xylene,m-xylene,,,,,Chemical,
"2,4-dichlorophenoxyacetic acid, esters","2,4-dichlorophenoxyacetic acid, esters",,,,,Chemical,
"2,4,6-trichlorophenol","2,4,6-trichlorophenol",,,,,Chemical,
benzene,benzene,,,,,Chemical,
hexachlorobutadiene,hexachlorobutadiene,,,,,Chemical,
isophorone,isophorone,,,,,Chemical,
alpha-benzenehexachloride,alpha-benzenehexachloride,,,,,Chemical,
pentachlorophenol,pentachlorophenol,,,,,Chemical,
methanol,methanol,,,,,Chemical,
heptachlor,heptachlor,,,,,Chemical,
trichloroethene,trichloroethene,,,,,Chemical,
ethylene dibromide,ethylene dibromide,,,,,Chemical,
"1,3-dinitrobenzene","1,3-dinitrobenzene",,,,,Chemical,
"2,4,5-trichlorophenoxyacetic acid","2,4,5-trichlorophenoxyacetic acid",,,,,Chemical,
isodrin,isodrin,,,,,Chemical,
zine,zine,,,,,Chemical,
benzo(b)fluoranthene,benzo(b)fluoranthene,,,,,Chemical,
methyl chloride,methyl chloride,,,,,Chemical,
"2,3,4,6-tetrachlorophenol","2,3,4,6-tetrachlorophenol",,,,,Chemical,
o-xylene,o-xylene,,,,,Chemical,
4-chloro-3-methylphenol,4-chloro-3-methylphenol,,,,,Chemical,
isobutyl alcohol,isobutyl alcohol,,,,,Chemical,
"2,6-dinitrotoluene","2,6-dinitrotoluene",,,,,Chemical,
creosote,creosote,,,,,Chemical,
"1,1-dichloroethene","1,1-dichloroethene",,,,,Chemical,
carbon disulfide,carbon disulfide,,,,,Chemical,
endrin metabolites,endrin metabolites,,,,,Chemical,
"dichlorobenzene, n.o.s.","dichlorobenzene, n.o.s.",,,,,Chemical,
beryllium,beryllium,,,,,Chemical,
o-toluidine,o-toluidine,,,,,Chemical,
endosulfan (alpha),endosulfan (alpha),,,,,Chemical,
ddd,ddd,,,,,Chemical,
p-dichlorobenzene,p-dichlorobenzene,,,,,Chemical,
zinc,zinc,,,,,Chemical,
benzidine,benzidine,,,,,Chemical,
endosulfan-ll,endosulfan-ll,,,,,Chemical,
"1,2-dichloroethane","1,2-dichloroethane",,,,,Chemical,
"1,2,3-trichloropropane","1,2,3-trichloropropane",,,,,Chemical,
benzoic acid,benzoic acid,,,,,Chemical,
toluene,toluene,,,,,Chemical,
"1,1-dichloropropane","1,1-dichloropropane",,,,,Chemical,
cyanides {cn anion},cyanides {cn anion},,,,,Chemical,
carbon tetrachloride,carbon tetrachloride,,,,,Chemical,
barium,barium,,,,,Chemical,
"2,4-dimethylphenol","2,4-dimethylphenol",,,,,Chemical,
o-cresol,o-cresol,,,,,Chemical,
methyl bromide,methyl bromide,,,,,Chemical,
nitrophenols,nitrophenols,,,,,Chemical,
chlordane,chlordane,,,,,Chemical,
"1,1,2-trichloroethane","1,1,2-trichloroethane",,,,,Chemical,
styrene,styrene,,,,,Chemical,
"dibenzo(a,h)anthracene","dibenzo(a,h)anthracene",,,,,Chemical,
chloroethane,chloroethane,,,,,Chemical,
diethyl phthalate,diethyl phthalate,,,,,Chemical,
dichloroethyl ether,dichloroethyl ether,,,,,Chemical,
vinyl chloride,vinyl chloride,,,,,Chemical,
"crotonaldehyde, (e)","crotonaldehyde, (e)",,,,,Chemical,
aluminum sulfate,aluminum sulfate,,,,,Chemical,
nitrobenzene,nitrobenzene,,,,,Chemical,
dimethyl phthalate,dimethyl phthalate,,,,,Chemical,
benzo(k)fluoranthene,benzo(k)fluoranthene,,,,,Chemical,
"2,4,5-trichlorophenol","2,4,5-trichlorophenol",,,,,Chemical,
bromoform,bromoform,,,,,Chemical,
chlorobenzene,chlorobenzene,,,,,Chemical,
antimony,antimony,,,,,Chemical,
"2,4-dinitrophenol","2,4-dinitrophenol",,,,,Chemical,
"trichloropropane, n.o.s.","trichloropropane, n.o.s.",,,,,Chemical,
ammonia,ammonia,,,,,Chemical,
aroclor 1260,aroclor 1260,,,,,Chemical,
fluoranthene,fluoranthene,,,,,Chemical,
dibutyl phthalate,dibutyl phthalate,,,,,Chemical,
dicamba,dicamba,,,,,Chemical,
methyl isobutyl ketone,methyl isobutyl ketone,,,,,Chemical,
2-chlorophenol,2-chlorophenol,,,,,Chemical,
heptachlor epoxide,heptachlor epoxide,,,,,Chemical,
arsenic,arsenic,,,,,Chemical,
silvex,silvex,,,,,Chemical,
"2,4-dinitrotoluene","2,4-dinitrotoluene",,,,,Chemical,
benzo(a)anthracene,benzo(a)anthracene,,,,,Chemical,
dde,dde,,,,,Chemical,
thallium,thallium,,,,,Chemical,
aniline,aniline,,,,,Chemical,
n-nitrosodimethylamine,n-nitrosodimethylamine,,,,,Chemical,
toxaphene,toxaphene,,,,,Chemical,
dichlorobromomethane,dichlorobromomethane,,,,,Chemical,
phenol,phenol,,,,,Chemical,
cadmium,cadmium,,,,,Chemical,
aroclor 1254,aroclor 1254,,,,,Chemical,
dibromochloromethane,dibromochloromethane,,,,,Chemical,
anthracene,anthracene,,,,,Chemical,
p-chloroaniline,p-chloroaniline,,,,,Chemical,
acetone cyanohydrin,acetone cyanohydrin,,,,,Chemical,
methoxychlor,methoxychlor,,,,,Chemical,
"1,3-dichloropropene","1,3-dichloropropene",,,,,Chemical,
acetonitrile,acetonitrile,,,,,Chemical,
m-cresol,m-cresol,,,,,Chemical,
cyclohexane,cyclohexane,,,,,Chemical,
pyrene,pyrene,,,,,Chemical,
m-dichlorobenzene,m-dichlorobenzene,,,,,Chemical,
aroclor 1248,aroclor 1248,,,,,Chemical,
acetophenone,acetophenone,,,,,Chemical,
"tetrachloroethane, n.o.s.","tetrachloroethane, n.o.s.",,,,,Chemical,
pcbs,pcbs,,,,,Chemical,
"4,2-dichloroethane","4,2-dichloroethane",,,,,Chemical,
"manganese, tricarbonyl methylcyclopentadienyl","manganese, tricarbonyl methylcyclopentadienyl",,,,,Chemical,
trichlorofluoromethane,trichlorofluoromethane,,,,,Chemical,
malathion,malathion,,,,,Chemical,
p-nitroaniline,p-nitroaniline,,,,,Chemical,
"1,3-dichloropropane","1,3-dichloropropane",,,,,Chemical,
"1,2,4-trichlorobenzene","1,2,4-trichlorobenzene",,,,,Chemical,
sodium (elemental),sodium (elemental),,,,,Chemical,
"trans-1,2-dichloroethene","trans-1,2-dichloroethene",,,,,Chemical,
xylenes,xylenes,,,,,Chemical,
"1,1,2,2-tetrachloroethane","1,1,2,2-tetrachloroethane",,,,,Chemical,
benzyl chloride,benzyl chloride,,,,,Chemical,
endrin aldehyde,endrin aldehyde,,,,,Chemical,
cyanides (soluble salts and complexes) n.o.s.,cyanides (soluble salts and complexes) n.o.s.,,,,,Chemical,
formaldehyde,formaldehyde,,,,,Chemical,
benzo(ghi)perylene,benzo(ghi)perylene,,,,,Chemical,
"4,4-methylenebis(2-chloroaniline)","4,4-methylenebis(2-chloroaniline)",,,,,Chemical,
chromium,chromium,,,,,Chemical,
"1,2-dichlorobenzene","1,2-dichlorobenzene",,,,,Chemical,
dichloromethane,dichloromethane,,,,,Chemical,
lead,lead,,,,,Chemical,
"2,4-dinitro sec butylphenol","2,4-dinitro sec butylphenol",,,,,Chemical,
tetrachloroethene,tetrachloroethene,,,,,Chemical,
ddt,ddt,,,,,Chemical,
vinyl acetate,vinyl acetate,,,,,Chemical,
benzo(a)pyrene,benzo(a)pyrene,,,,,Chemical,
chlorobenzenes,chlorobenzenes,,,,,Chemical,
dinitrotoluene,dinitrotoluene,,,,,Chemical,
benzoie acid,benzoie acid,,,,,Chemical,
"dichloroethylene, n.o.s.","dichloroethylene, n.o.s.",,,,,Chemical,
dichlorodifluoromethane,dichlorodifluoromethane,,,,,Chemical,
cumene,cumene,,,,,Chemical,
hydrofluoric acid,hydrofluoric acid,,,,,Chemical,
"1,1,1-trichloroethane","1,1,1-trichloroethane",,,,,Chemical,
"cis-1,2-dichloroethene","cis-1,2-dichloroethene",,,,,Chemical,
ethylenethiourea,ethylenethiourea,,,,,Chemical,
"1,1-dichloroethane","1,1-dichloroethane",,,,,Chemical,
methyl ethyl ketone,methyl ethyl ketone,,,,,Chemical,
ethylbenzene,ethylbenzene,,,,,Chemical,
p-nitrophenol,p-nitrophenol,,,,,Chemical,
dioxin,dioxin,,,,,Chemical,
acrolein,acrolein,,,,,Chemical,
"1,1,1,2-tetrachloroethane","1,1,1,2-tetrachloroethane",,,,,Chemical,
o-nitrophenol,o-nitrophenol,,,,,Chemical,
lindane,lindane,,,,,Chemical,
n-nitrosodi-n-butylamine,n-nitrosodi-n-butylamine,,,,,Chemical,
n-nitrosodiphenylamine,n-nitrosodiphenylamine,,,,,Chemical,
p-xylene,p-xylene,,,,,Chemical,
selenium,selenium,,,,,Chemical,
hexachlorodibenzofurans,hexachlorodibenzofurans,,,,,Chemical,
"1,4-dioxane","1,4-dioxane",,,,,Chemical,
"2,4-dichlorophenol","2,4-dichlorophenol",,,,,Chemical,
di-n-octyl phthalate,di-n-octyl phthalate,,,,,Chemical,
endrin,endrin,,,,,Chemical,
nickel,nickel,,,,,Chemical,
bis(2-ethylhexyl) phthalate,bis(2-ethylhexyl) phthalate,,,,,Chemical,
silver,silver,,,,,Chemical,
carbaryl,carbaryl,,,,,Chemical,
hexachlorobenzene,hexachlorobenzene,,,,,Chemical,
heptachlorodibenzo-p-dioxins,heptachlorodibenzo-p-dioxins,,,,,Chemical,
pentachlorodibenzo-p-dioxins,pentachlorodibenzo-p-dioxins,,,,,Chemical,
asbestos,asbestos,,,,,Chemical,
hexachlorodibenzo-p-dioxins,hexachlorodibenzo-p-dioxins,,,,,Chemical,
dursban,dursban,,,,,Chemical,
diazinon,diazinon,,,,,Chemical,
pcb-1016,pcb-1016,,,,,Chemical,
acetaldehyde,acetaldehyde,,,,,Chemical,
sodium hydroxide,sodium hydroxide,,,,,Chemical,
benzonitrile,benzonitrile,,,,,Chemical,
potassium hydroxide,potassium hydroxide,,,,,Chemical,
vanadium sulfate,vanadium sulfate,,,,,Chemical,
heptachlorodibenzofurans.,heptachlorodibenzofurans.,,,,,Chemical,
"3,3-dichlorobenzidine","3,3-dichlorobenzidine",,,,,Chemical,
benzofj]fluoranthene,benzofj]fluoranthene,,,,,Chemical,
pentachlorodibenzofurans,pentachlorodibenzofurans,,,,,Chemical,
sulfuric acid,sulfuric acid,,,,,Chemical,
kepone,kepone,,,,,Chemical,
hexachloroethane,hexachloroethane,,,,,Chemical,
Cardiotoxicity,Cardiotoxicity,,,,,Chem Desc,
IGC50,IGC50,,,,,Chem Desc,
Carcinogenicity,Carcinogenicity,,,,,Chem Desc,
LC50,LC50,,,,,Chem Desc,
Hepatotoxicity,Hepatotoxicity,,,,,Chem Desc,
Dev_Toxic,Dev_Toxic,,,,,Chem Desc,
Respiratory,Respiratory,,,,,Chem Desc,
Repo_Toxic,Repo_Toxic,,,,,Chem Desc,
BCF,BCF,,,,,Chem Desc,
Endocrine_NR-AR,Endocrine_NR-AR,,,,,Chem Desc,
LCM50DM,LCM50DM,,,,,Chem Desc,
Mutagenicity,Mutagenicity,,,,,Chem Desc,