"","HSI #","Site Name","Lattitude","Longitude","Address","City","County","year","Class","Site Summary","Investigation/ Cleanup Funding","Icon"
"1",10019,"Powersville Landfill - Former NPL Site",32.61,-83.7933333333333,"Intersection of Newell Rd (GA 247 Conn) & GA 49N","Powersville","Peach",1994,"IV","https://epd.georgia.gov/document/pdf/23-10019/download","L","small_green "
"2",10022,"Baxley Creosoting Company",31.7747222222222,-82.3363888888889,"723 East Parker Street","Baxley","Appling",1994,"I","https://epd.georgia.gov/document/pdf/23-10022/download","A","small_yellow"
"3",10028,"Escambia Treating Company - Brunswick (aka Brunswick Wood NPL Site)",31.2425,-81.5316666666667,"1060 & 780 Perry Lane Road","Brunswick","Glynn",1994,"II","https://epd.georgia.gov/document/pdf/23-10028/download","A","small_yellow"
"4",10029,"Escambia Treating Company - Camilla - NPL Site",31.2216666666667,-84.2033333333333,"131 East Bennett St.","Camilla","Mitchell",1994,"II","https://epd.georgia.gov/document/pdf/23-10029/download","A","small_yellow"
"5",10062,"Woolfolk Chemical Works - NPL Site",32.5508333333333,-83.8844444444445,"Intersection of Preston & Pine","Fort Valley","Peach",1994,"IV","https://epd.georgia.gov/document/pdf/23-10062/download","A","small_yellow"
"6",10063,"Rockbridge Square Shopping Center",33.8413888888889,-84.1325,"1227 Rockbridge Road","Stone Mountain","Gwinnett",1994,"I","https://epd.georgia.gov/document/pdf/23-10063/download","A","small_yellow"
"7",10070,"Pelham Phosphate Company",31.1411111111111,-84.1547222222222,"West Railroad St.","Pelham","Mitchell",1994,"I","https://epd.georgia.gov/document/pdf/23-10070/download","A","small_yellow"
"8",10092,"Cedartown Municipal Landfill - Former NPL Site",34.0147222222222,-85.2875,"10th Street (1.8 miles west of Cedartown)","Cedartown","Polk",1994,"IV","https://epd.georgia.gov/document/pdf/23-10092/download","L","small_green "
"9",10106,"Cedartown Battery Site",34.0147222222222,-85.2988888888889,"Mountain Home Road and Prior Station Road","Cedartown","Polk",1994,"I","https://epd.georgia.gov/document/pdf/23-10106/download","A","small_yellow"
"10",10111,"Scripto Plant & Office Complex (Former)",33.7583333333333,-84.3730555555556,"423 John Wesley Dobbs St. & 430 Irwin Street","Atlanta","Fulton",1994,"IV","https://epd.georgia.gov/document/pdf/23-10111/download","A","small_yellow"
"11",10116,"Georgia Metals",33.855,-84.6502777777778,"4000 Industry Road SW","Powder Springs","Cobb",1994,"I","https://epd.georgia.gov/document/pdf/23-10116/download","A","small_yellow"
"12",10140,"Union Timber",31.0297222222222,-82.7663888888889,"US Route 84","Homerville","Clinch",1994,"I","https://epd.georgia.gov/document/pdf/23-10140/download","A","small_yellow"
"13",10152,"Peach Metal Industries",32.6744444444444,-83.765,"Boy Scout Road at Juniper Creek Road","Byron","Peach",1994,"I","https://epd.georgia.gov/document/pdf/23-10152/download","A","small_yellow"
"14",10165,"Conyers Battery Exchange",33.6736111111111,-84.0461111111111,"1796 SW Old Covington Highway","Conyers","Rockdale",1994,"II","https://epd.georgia.gov/document/pdf/23-10165/download","A","small_yellow"
"15",10170,"A&D Barrel & Drum Company",33.7736111111111,-84.4083333333333,"647 Donald Lee Hollowell Parkway","Atlanta","Fulton",1994,"I","https://epd.georgia.gov/document/pdf/23-10170/download","A","small_yellow"
"16",10191,"Barlow Creosote",31.0577777777778,-82.6425,"Route 2 (Antioch Church Road)","Argyle","Clinch",1994,"I","https://epd.georgia.gov/document/pdf/23-10191/download","A","small_yellow"
"17",10192,"Berrien Products",31.2066666666667,-83.2416666666667,"East Marion Ave. (Hwy 76) (East of N. Mathis St.)","Nashville","Berrien",1994,"I","https://epd.georgia.gov/document/pdf/23-10192/download","A","small_yellow"
"18",10200,"Martin Fireproofing Georgia, Inc.",34.085,-82.8436111111111,"1318 Washington Highway","Elberton","Elbert",1994,"I","https://epd.georgia.gov/document/pdf/23-10200/download","A","small_yellow"
"19",10202,"McCranie Brothers Wood Preserving",31.3369444444444,-83.0419444444444,"US Hwy 82 (Coffee Avenue & Wilcox Street)","Willacoochee","Atkinson",1994,"I","https://epd.georgia.gov/document/pdf/23-10202/download","A","small_yellow"
"20",10205,"Moultrie Wood Preserving Company",31.1813888888889,-83.7719444444444,"1st Avenue NE","Moultrie","Colquitt",1994,"II","https://epd.georgia.gov/document/pdf/23-10205/download","A","small_yellow"
"21",10206,"Murrow Brothers Delinting Waste",33.7797222222222,-83.425,"3361 Macon Highway","Farmington","Oconee",1994,"II","https://epd.georgia.gov/document/pdf/23-10206/download","A","small_yellow"
"22",10219,"W. F. Harris & Sons Wood Preserving",32.96,-84.4108333333333,"1261 Willingham Springs Road","Thomaston","Upson",1994,"I","https://epd.georgia.gov/document/pdf/23-10219/download","A","small_yellow"
"23",10233,"S&M Scrap Metal Company",31.4461111111111,-83.4891666666667,"Highway 82 East and Highway 319","Tifton","Tift",1994,"I","https://epd.georgia.gov/document/pdf/23-10233/download","A","small_yellow"
"24",10246,"Morgan Post Treating Impoundment",31.0430555555556,-82.7344444444444,"North of 887 Waycross Highway","Homerville","Clinch",1994,"II","https://epd.georgia.gov/document/pdf/23-10246/download","A","small_yellow"
"25",10260,"Griffith Oil Company",34.0611111111111,-83.5472222222222,"B Whitfield Road","Jefferson","Jackson",1994,"I","https://epd.georgia.gov/document/pdf/23-10260/download","A","small_yellow"
"26",10269,"University of Georgia - Milledge Avenue Site",33.9058333333333,-83.3852777777778,"2450 S Milledge Avenue","Athens","Clarke",1994,"IV","https://epd.georgia.gov/document/pdf/23-10269/download","L","small_green "
"27",10270,"Hall County - Allen Creek Sanitary Landfill",34.2533333333333,-83.7755555555556,"2684 Allen Creek Road","Gainesville","Hall",1994,"IV","https://epd.georgia.gov/document/pdf/23-10270/download","L","small_green "
"28",10271,"Cheatham Road Landfill (Phase 2 Cobb County)",34.0138888888889,-84.7366666666667,"2500 Pitner Road","Acworth","Cobb",1994,"IV","https://epd.georgia.gov/document/pdf/23-10271/download","L","small_green "
"29",10272,"Miller Bottom Road Landfill",33.7422222222222,-83.9258333333333,"Miller Bottom Road","Conyers","Rockdale",1994,"IV","https://epd.georgia.gov/document/pdf/23-10272/download","L","small_green "
"30",10275,"Clinch County - Smith Road Landfill Phase 1 (SL)",31.0702777777778,-82.7597222222222,"Smith Road","Homerville","Clinch",1994,"IV","https://epd.georgia.gov/document/pdf/23-10275/download","L","small_green "
"31",10277,"Athens-Clarke County - Dunlap Rd (SL) MSWL",33.9247222222222,-83.2633333333333,"Hwy 78 East, Dunlap Road","Athens","Clarke",1994,"IV","https://epd.georgia.gov/document/pdf/23-10277/download","L","small_green "
"32",10278,"Butts County - Brownlee Road Landfill",33.2741666666667,-83.9691666666667,"Brownlee Road","Jackson","Butts",1994,"IV","https://epd.georgia.gov/document/pdf/23-10278/download","L","small_green "
"33",10282,"4th Street Landfill (Brunswick Airport)",31.1858333333333,-81.4772222222222,"4th St & Community Action Drive","Brunswick","Glynn",1994,"I","https://epd.georgia.gov/document/pdf/23-10282/download","L","small_green "
"34",10283,"Ben Hill County - Joshlyn Road MSWL",31.7433333333333,-83.2066666666667,"Joshlyn Rd","Fitzgerald","Ben Hill",1994,"IV","https://epd.georgia.gov/document/pdf/23-10283/download","L","small_green "
"35",10288,"Columbus Municipal Landfill",32.3938888888889,-84.9658333333333,"South Lumpkin Road","Columbus","Muscogee",1994,"IV","https://epd.georgia.gov/document/pdf/23-10288/download","L","small_green "
"36",10289,"Cordele-Crisp City-County Landfill",31.8652777777778,-83.7516666666667,"3354 Hwy 41 South","Cordele","Crisp",1994,"IV","https://epd.georgia.gov/document/pdf/23-10289/download","L","small_green "
"37",10291,"Coweta County Landfill - Ishman Ballard Rd Phase 1A",33.3688888888889,-84.8566666666667,"Ishman Ballard Rd.","Newnan","Coweta",1994,"IV","https://epd.georgia.gov/document/pdf/23-10291/download","L","small_green "
"38",10294,"Walker Road Landfill (formerly 11th Street Landfill)",32.7988888888889,-83.6105555555555,"2027 Walker Swamp Road","Macon","Bibb",1994,"IV","https://epd.georgia.gov/document/pdf/23-10294/download","L","small_green "
"39",10297,"Ben Gober Landfill",33.8758333333333,-84.1777777777778,"411 Mimosa Dr. (off US 29)","Tucker","Gwinnett",1994,"II","https://epd.georgia.gov/document/pdf/23-10297/download","A","small_yellow"
"40",10304,"Old City Landfill",31.8966666666667,-82.5883333333333,"Intersection of Amanda Thomas Rd. and Barney Rd.","Hazlehurst","Jeff Davis",1994,"V","https://epd.georgia.gov/document/pdf/23-10304/download","L","small_green "
"41",10305,"Old Hazlehurst Solid Waste Disposal Site",31.9002777777778,-82.5972222222222,"McEachin Landing Road","Hazlehurst","Jeff Davis",1994,"II","https://epd.georgia.gov/document/pdf/23-10305/download","L","small_green "
"42",10310,"Polk County Landfill",34.0069444444444,-85.1647222222222,"US Hwy 278 (4.4 miles east of Cedartown)","Cedartown","Polk",1994,"IV","https://epd.georgia.gov/document/pdf/23-10310/download","L","small_green "
"43",10324,"Forstmann & Company, Inc. (TCE spill)",32.5347222222222,-82.8797222222222,"161 Nathaniel Drive","East Dublin","Laurens",1994,"V","https://epd.georgia.gov/document/pdf/23-10324/download","A","small_yellow"
"44",10327,"Palmetto Tire Fire",33.51,-84.7247222222222,"0 Marcy Lane","Palmetto","Coweta",1994,"II","https://epd.georgia.gov/document/pdf/23-10327/download","A","small_yellow"
"45",10337,"Wallace Lake Road Dump",33.7216666666667,-84.7055555555556,"3045 Wallace Lake Rd","Douglasville","Douglas",1994,"I","https://epd.georgia.gov/document/pdf/23-10337/download","A","small_yellow"
"46",10348,"Bumper Distributors of Atlanta",33.7433333333333,-84.4088888888889,"471 Peters Street SW","Atlanta","Fulton",1994,"I","https://epd.georgia.gov/document/pdf/23-10348/download","A","small_yellow"
"47",10354,"Barnett Shoals Road",33.9252777777778,-83.3408333333333,"1860 S Barnett Shoals Road","Athens","Clarke",1995,"I","https://epd.georgia.gov/document/pdf/23-10354/download","A","small_yellow"
"48",10365,"Goldberg Brothers",33.4386111111111,-81.9938888888889,"241 Dan Bowles Road","Augusta","Richmond",1995,"I","https://epd.georgia.gov/document/pdf/23-10365/download","A","small_yellow"
"49",10366,"Forstmann & Company, Inc.  (1,1-DCA Site)",32.5347222222222,-82.8797222222222,"161 Nathaniel Drive","East Dublin","Laurens",1995,"V","https://epd.georgia.gov/document/pdf/23-10366/download","A","small_yellow"
"50",10367,"Sun Laboratories of Atlanta",33.7575,-84.5511111111111,"701 Wharton Circle","Atlanta","Fulton",1995,"II","https://epd.georgia.gov/document/pdf/23-10367/download","A","small_yellow"
"51",10372,"Truman Parkway, Phase II",32.0694444444444,-81.0747222222222,"President Street","Savannah","Chatham",1995,"II","https://epd.georgia.gov/document/pdf/23-10372/download","A","small_yellow"
"52",10385,"Baldwin County Sanitary Landfill",32.9652777777778,-83.3330555555555,"170 Union Hill Church Road","Milledgeville","Baldwin",1995,"IV","https://epd.georgia.gov/document/pdf/23-10385/download","L","small_green "
"53",10386,"Laurens County Municipal Solid Waste Landfill",32.5608333333333,-82.9930555555556,"County Landfill Road.","Dublin","Laurens",1995,"IV","https://epd.georgia.gov/document/pdf/23-10386/download","L","small_green "
"54",10387,"Hightower Road  MSW Landfill - Phase 2",34.3297222222222,-84.2563888888889,"9480 Old Federal Road","Ball Ground","Forsyth",1995,"IV","https://epd.georgia.gov/document/pdf/23-10387/download","L","small_green "
"55",10388,"Madison County Sanitary Landfill 2&3 (SL)",34.0983333333333,-83.2036111111111,"Martin Foote Road (Colbert Road)","Danielsville","Madison",1995,"IV","https://epd.georgia.gov/document/pdf/23-10388/download","L","small_green "
"56",10389,"Morgan County Municipal Solid Waste Landfill",33.6319444444444,-83.4530555555556,"2480 Athens Highway (Hwy 441 North)","Madison","Morgan",1995,"IV","https://epd.georgia.gov/document/pdf/23-10389/download","L","small_green "
"57",10390,"Screven County Municipal Solid Waste Landfill",32.7444444444444,-81.6836111111111,"Rocky Ford Road west of Waters Station Road","Sylvania","Screven",1995,"IV","https://epd.georgia.gov/document/pdf/23-10390/download","L","small_green "
"58",10391,"Statesboro/Bulloch County Lakeview Rd. Landfill",32.4808333333333,-81.7897222222222,"Lakeview Road","Statesboro","Bulloch",1995,"IV","https://epd.georgia.gov/document/pdf/23-10391/download","L","small_green "
"59",10392,"Clayton Co. SR3- Lovejoy Site #2 MSWL",33.4386111111111,-84.3066666666667,"11866 Hastings Bridge Road","Lovejoy","Clayton",1995,"IV","https://epd.georgia.gov/document/pdf/23-10392/download","L","small_green "
"60",10401,"Forstmann & Company, Inc. (Old Burn Pit)",32.5402777777778,-82.8852777777778,"161 Nathaniel Drive","East Dublin","Laurens",1995,"II","https://epd.georgia.gov/document/pdf/23-10401/download","A","small_yellow"
"61",10422,"Stephenson Chemical Company",33.6291666666667,-84.4691666666667,"2444 West Point Road","College Park","Fulton",1996,"I","https://epd.georgia.gov/document/pdf/23-10422/download","A","small_yellow"
"62",10426,"Hoxsie's Cleaners (Former)",32.0716666666667,-84.2322222222222,"106 South Lee Street","Americus","Sumter",1996,"I","https://epd.georgia.gov/document/pdf/23-10426/download","A","small_yellow"
"63",10438,"Jones County Municipal Solid Waste Landfill",32.9833333333333,-83.5341666666667,"Cumslo Road","Gray","Jones",1997,"IV","https://epd.georgia.gov/document/pdf/23-10438/download","L","small_green "
"64",10441,"Cascade Springs Dry Cleaner",33.7216666666667,-84.5063888888889,"1180 Utoy Springs Rd. SW","Atlanta","Fulton",1997,"I","https://epd.georgia.gov/document/pdf/23-10441/download","A","small_yellow"
"65",10445,"White County - Duke's Creek MSW  Landfill",34.6697222222222,-83.7608333333333,"Asbestos Road/Hwy 75 Alternate","Cleveland","White",1997,"IV","https://epd.georgia.gov/document/pdf/23-10445/download","L","small_green "
"66",10446,"Macon County SR 49 North MSWL",32.3647222222222,-84.0194444444444,"SR 49 North","Oglethorpe","Macon",1997,"IV","https://epd.georgia.gov/document/pdf/23-10446/download","L","small_green "
"67",10447,"Dougherty Co. - Fleming Rd. MSW Landfill",31.5327777777778,-84.0283333333333,"3600 Fleming Road","Albany","Dougherty",1997,"IV","https://epd.georgia.gov/document/pdf/23-10447/download","L","small_green "
"68",10448,"Spalding County - Yamacraw Road MSWL",33.2575,-84.1594444444444,"350 Parham Road","Griffin","Spalding",1997,"IV","https://epd.georgia.gov/document/pdf/23-10448/download","L","small_green "
"69",10449,"Griffin - Shoal Creek Road Landfill",33.2527777777778,-84.3758333333333,"281 Shoal Creek Road","Griffin","Spalding",1997,"IV","https://epd.georgia.gov/document/pdf/23-10449/download","L","small_green "
"70",10450,"Burke County Landfill",33.08,-81.9652777777778,"804 Landfill Road","Waynesboro","Burke",1997,"IV","https://epd.georgia.gov/document/pdf/23-10450/download","L","small_green "
"71",10451,"Fayette County - 1st Manassas Mile Road MSWLF",33.4383333333333,-84.4766666666667,"1st Manassas Mile Road","Fayetteville","Fayette",1997,"IV","https://epd.georgia.gov/document/pdf/23-10451/download","L","small_green "
"72",10452,"Colquitt Co. - CR 15, Sunset, Phase I MSWLF",31.0911111111111,-83.8452777777778,"1816 Shade Murphy Road","Moultrie","Colquitt",1997,"IV","https://epd.georgia.gov/document/pdf/23-10452/download","L","small_green "
"73",10453,"Lowndes County-State Road 31 MSWL",30.6763888888889,-83.3225,"State Road 31","Clyattville","Lowndes",1997,"IV","https://epd.georgia.gov/document/pdf/23-10453/download","L","small_green "
"74",10454,"Chattooga County - Penn Bridge Rd Ph 1 (SL) MSWL",34.5058333333333,-85.2963888888889,"Penn Bridge Road","Summerville","Chattooga",1997,"IV","https://epd.georgia.gov/document/pdf/23-10454/download","L","small_green "
"75",10455,"Washington County Landfill-Kaolin Road, Site #2",32.9558333333333,-82.8352777777778,"1862 Kaolin Road","Sandersville","Washington",1997,"IV","https://epd.georgia.gov/document/pdf/23-10455/download","L","small_green "
"76",10456,"Barnesville-Goggins Road MSWL",33.0658333333333,-84.1377777777778,"157 Crawford Road","Barnesville","Lamar",1997,"IV","https://epd.georgia.gov/document/pdf/23-10456/download","L","small_green "
"77",10457,"Houser's Mill Road MSWLF",32.5716666666667,-83.7605555555556,"Clint Howard Road","Fort Valley","Peach",1997,"IV","https://epd.georgia.gov/document/pdf/23-10457/download","L","small_green "
"78",10458,"Habersham County Pea Ridge Road Landfill",34.5258333333333,-83.5883333333333,"Frank Arrowood Rd.","Cornelia","Habersham",1997,"IV","https://epd.georgia.gov/document/pdf/23-10458/download","L","small_green "
"79",10460,"Ware County-US 82, Waresboro MSWL",31.2711111111111,-82.4697222222222,"4497 Lovett Road","Waresboro","Ware",1997,"IV","https://epd.georgia.gov/document/pdf/23-10460/download","L","small_green "
"80",10461,"Stephens County SR 145, Phases 2 & 3 MSWL",34.5402777777778,-83.3091666666667,"106 Landfill Circle (off SR 145/Liberty Hill Rd)","Toccoa","Stephens",1997,"IV","https://epd.georgia.gov/document/pdf/23-10461/download","L","small_green "
"81",10462,"Wilkes County-CR 40 MSWL",33.6952777777778,-82.7377777777778,"150 Landfill Road","Washington","Wilkes",1997,"IV","https://epd.georgia.gov/document/pdf/23-10462/download","L","small_green "
"82",10467,"Bleckley County Municipal Landfill",32.4213888888889,-83.3094444444444,"794 E GA Hwy 26","Cochran","Bleckley",1997,"IV","https://epd.georgia.gov/document/pdf/23-10467/download","L","small_green "
"83",10475,"LaGrange - Municipal Solid Waste Landfill",33.0475,-84.9558333333333,"2233 Greenville Road (Highway 109)","LaGrange","Troup",1997,"IV","https://epd.georgia.gov/document/pdf/23-10475/download","L","small_green "
"84",10476,"Calhoun - Harris Rd. Phase 4 (L)",34.4916666666667,-84.9936111111111,"788 Harris Beamer Road","Calhoun","Gordon",1997,"IV","https://epd.georgia.gov/document/pdf/23-10476/download","L","small_green "
"85",10477,"Ocilla - SR 32 East MSWL",31.5969444444444,-83.14,"State Highway 32 East","Wray","Irwin",1997,"IV","https://epd.georgia.gov/document/pdf/23-10477/download","L","small_green "
"86",10478,"Heard Co. - Frolona Rd. MSWL",33.3013888888889,-85.1772222222222,"Salem Road","Franklin","Heard",1997,"IV","https://epd.georgia.gov/document/pdf/23-10478/download","L","small_green "
"87",10479,"Greene County - US 278 West MSWL",33.6141666666667,-83.1022222222222,"Old Union Point Rd. & Landfill Rd.","Union Point","Greene",1997,"IV","https://epd.georgia.gov/document/pdf/23-10479/download","L","small_green "
"88",10480,"Jackson County - SR 82 North, Phase II MSWL",34.145,-83.5505555555555,"170 Fowler Drive","Jefferson","Jackson",1997,"IV","https://epd.georgia.gov/document/pdf/23-10480/download","L","small_green "
"89",10482,"Rockyface-Westside Municipal Solid Waste Landfill",34.75,-85.0469444444444,"2598 Landfill Road","Rockyface","Whitfield",1997,"IV","https://epd.georgia.gov/document/pdf/23-10482/download","L","small_green "
"90",10484,"Rabun Co. - Eastman Mountain Road Landfill",34.8097222222222,-83.4097222222222,"E of Highway 441, S of Boen Creek Rd & Longview Rd","Clayton","Rabun",1997,"IV","https://epd.georgia.gov/document/pdf/23-10484/download","L","small_green "
"91",10485,"Forsyth, Old Brent Rd. MSWL",33.0186111111111,-83.9561111111111,"Old Brent Road","Forsyth","Monroe",1997,"IV","https://epd.georgia.gov/document/pdf/23-10485/download","L","small_green "
"92",10490,"Lumpkin Co. - Barlow  Rd. MSWL",34.5244444444444,-83.9991666666667,"Barlow  Rd. off State Hwy. 9","Dahlonega","Lumpkin",1997,"IV","https://epd.georgia.gov/document/pdf/23-10490/download","L","small_green "
"93",10495,"5998  Fairburn Road - Dry Cleaners",33.7508333333333,-84.7294444444444,"5998 Fairburn Road","Douglasville","Douglas",1998,"I","https://epd.georgia.gov/document/pdf/23-10495/download","A","small_yellow"
"94",10497,"Savannah Dry Cleaners",32.0369444444444,-81.0897222222222,"4110 Waters Avenue","Savannah","Chatham",1998,"I","https://epd.georgia.gov/document/pdf/23-10497/download","A","small_yellow"
"95",10508,"Aladdin Cleaners",33.9883333333333,-84.5319444444444,"1525 Canton Road","Marietta","Cobb",1998,"I","https://epd.georgia.gov/document/pdf/23-10508/download","A","small_yellow"
"96",10518,"North Park Pavilion Shopping Center",33.9025,-84.4816666666667,"2468 Windy Hill Road","Marietta","Cobb",1999,"II","https://epd.georgia.gov/document/pdf/23-10518/download","A","small_yellow"
"97",10524,"Wheelers Manufacturing Company, Inc.",32.8083333333333,-83.6372222222222,"2889 Waterville Road","Macon","Bibb",1999,"I","https://epd.georgia.gov/document/pdf/23-10524/download","A","small_yellow"
"98",10538,"Flags Village Shopping Center",33.7777777777778,-84.5658333333333,"356 Riverside Pkwy","Austell","Cobb",1999,"I","https://epd.georgia.gov/document/pdf/23-10538/download","A","small_yellow"
"99",10542,"Roswell Station",34.0052777777778,-84.3905555555556,"1000 Marietta Highway","Roswell","Fulton",1999,"V","https://epd.georgia.gov/document/pdf/23-10542/download","A","small_yellow"
"100",10625,"Washington Manufacturing Company",32.9425,-82.805,"308 East Montgomery Street","Tennille","Washington",2000,"I","https://epd.georgia.gov/document/pdf/23-10625/download","A","small_yellow"
"101",10627,"Liberty Oil and Refining",31.1313888888889,-83.705,"312 East Yount Street","Moultrie","Colquitt",2000,"II","https://epd.georgia.gov/document/pdf/23-10627/download","A","small_yellow"
"102",10628,"Coastal Plains Treating Company",31.43,-83.5038888888889,"812 E. Golden Road","Tifton","Tift",2001,"II","https://epd.georgia.gov/document/pdf/23-10628/download","A","small_yellow"
"103",10640,"K & D Cleaners (assoc. with Peach Orchard NPL)",33.4186111111111,-82.0241666666667,"2114 Lumpkin Road","Augusta","Richmond",2000,"II","https://epd.georgia.gov/document/pdf/23-10640/download","A","small_yellow"
"104",10643,"Berrien County Landfill",31.1277777777778,-83.2386111111111,"CR28 & CR48","Nashville","Berrien",2001,"IV","https://epd.georgia.gov/document/pdf/23-10643/download","L","small_green "
"105",10645,"Quitman - SR 333 Landfill",30.7519444444444,-83.5475,"SR - 333","Quitman","Brooks",2001,"IV","https://epd.georgia.gov/document/pdf/23-10645/download","L","small_green "
"106",10646,"Bryan County - US 280 Mill Creek MSWLF",32.1533333333333,-81.5097222222222,"7392 E. Highway 280","Ellabell","Bryan",2001,"IV","https://epd.georgia.gov/document/pdf/23-10646/download","L","small_green "
"107",10647,"Camden County Vacuna Road LF",30.7811111111111,-81.69,"Vacuna Road","Kingsland","Camden",2001,"IV","https://epd.georgia.gov/document/pdf/23-10647/download","L","small_green "
"108",10648,"Carroll County / Carrollton SR 166 LF",33.5511111111111,-85.1536111111111,"State Road 166 (Simonton Mill Road)","Carrollton","Carroll",2001,"IV","https://epd.georgia.gov/document/pdf/23-10648/download","L","small_green "
"109",10649,"Chatham County Landfill",32.0580555555556,-81.2147222222222,"1327 Dean Forest Road","Savannah","Chatham",2001,"IV","https://epd.georgia.gov/document/pdf/23-10649/download","L","small_green "
"110",10650,"Cherokee County - Blalock Road Landfill",34.1488888888889,-84.4838888888889,"470 Blalock Road","Canton","Cherokee",2001,"IV","https://epd.georgia.gov/document/pdf/23-10650/download","L","small_green "
"111",10651,"Coffee County Landfill",31.5725,-82.8955555555556,"Landen Road (CR 129) and SR 206","Douglas","Coffee",2001,"IV","https://epd.georgia.gov/document/pdf/23-10651/download","L","small_green "
"112",10652,"Columbia County - Baker Place Road MSWLF",33.4891666666667,-82.2288888888889,"590 Baker Place Road","Grovetown","Columbia",2001,"IV","https://epd.georgia.gov/document/pdf/23-10652/download","L","small_green "
"113",10654,"Dawson County Shoal Hole Road MSWL",34.4386111111111,-84.1197222222222,"55 Transportation Lane","Dawsonville","Dawson",2001,"IV","https://epd.georgia.gov/document/pdf/23-10654/download","L","small_green "
"114",10656,"Dooly County - CR 101 MSWLF",32.1255555555556,-83.8472222222222,"CR 101","Vienna","Dooly",2001,"IV","https://epd.georgia.gov/document/pdf/23-10656/download","L","small_green "
"115",10657,"Douglas County Landfill - Cedar Mt/Worthan Rd Phase 1",33.7655555555556,-84.8108333333333,"1755 County Services Road","Douglasville","Douglas",2001,"IV","https://epd.georgia.gov/document/pdf/23-10657/download","L","small_green "
"116",10658,"Blakely - Howell Street / Pit Road MSWLF",31.4005555555556,-84.9288888888889,"Corner of Howell Street and Pit Road","Blakely","Early",2001,"IV","https://epd.georgia.gov/document/pdf/23-10658/download","L","small_green "
"117",10659,"Elbert County Landfill",34.135,-82.7808333333333,"2188 Hulmes Chapel Road","Elberton","Elbert",2001,"IV","https://epd.georgia.gov/document/pdf/23-10659/download","L","small_green "
"118",10660,"Emanuel Co. - SR 297 Swainsboro (SL)",32.5163888888889,-82.3327777777778,"SR 297 & Old Nunez Road","Swainsboro","Emanuel",2001,"IV","https://epd.georgia.gov/document/pdf/23-10660/download","L","small_green "
"119",10661,"Fannin County Landfill",34.8986111111111,-84.3497222222222,"SR 5 and Tom Boyd Road","Blue Ridge","Fannin",2001,"IV","https://epd.georgia.gov/document/pdf/23-10661/download","L","small_green "
"120",10662,"Franklin County - Harrison Bridge Road MSWLF",34.3419444444444,-83.2280555555556,"Harrison Bridge Road","Carnesville","Franklin",2001,"IV","https://epd.georgia.gov/document/pdf/23-10662/download","L","small_green "
"121",10663,"Fulton County Landfill",33.6691666666667,-84.5655555555555,"Merk / Miles Road","Atlanta","Fulton",2001,"IV","https://epd.georgia.gov/document/pdf/23-10663/download","L","small_green "
"122",10664,"Gilmer County SR 52 - Tower Road MSWLF",34.7138888888889,-84.4905555555556,"456 Tower Road","Ellijay","Gilmer",2001,"IV","https://epd.georgia.gov/document/pdf/23-10664/download","L","small_green "
"123",10665,"Glynn Co. - Cate Road C&D MSWLF",31.2586111111111,-81.5244444444444,"1000 Pritchard Island Road","Brunswick","Glynn",2001,"IV","https://epd.georgia.gov/document/pdf/23-10665/download","L","small_green "
"124",10666,"Haralson County Landfill (US 78 Bremen)",33.6991666666667,-85.2294444444444,"Landfill Road","Bremen","Haralson",2001,"IV","https://epd.georgia.gov/document/pdf/23-10666/download","L","small_green "
"125",10667,"Hart County Landfill",34.3138888888889,-82.9391666666667,"Landfill Road","Hartwell","Hart",2001,"IV","https://epd.georgia.gov/document/pdf/23-10667/download","L","small_green "
"126",10668,"West Asbury Road Phase II MSWL",33.4322222222222,-84.1702777777778,"West Asbury Road","McDonough","Henry",2000,"IV","https://epd.georgia.gov/document/pdf/23-10668/download","L","small_green "
"127",10669,"Jefferson County - US 1 (Avera Rd) MSWLF",33.0308333333333,-82.4094444444444,"1159 Clarks Mill Road","Louisville","Jefferson",2001,"IV","https://epd.georgia.gov/document/pdf/23-10669/download","L","small_green "
"128",10670,"Lamar County - Grove Street Extension MSWLF",33.0858333333333,-84.2083333333333,"172 Roger Brown Drive","Barnesville","Lamar",2001,"IV","https://epd.georgia.gov/document/pdf/23-10670/download","L","small_green "
"129",10671,"Lee County - SR 32 MSWLF",31.7330555555556,-84.1202777777778,"759 Hwy 32 East","Leesburg","Lee",2001,"IV","https://epd.georgia.gov/document/pdf/23-10671/download","L","small_green "
"130",10672,"Liberty County - Limerick Road MSWLF",31.8427777777778,-81.3961111111111,"Limerick Road","Limerick","Liberty",2001,"IV","https://epd.georgia.gov/document/pdf/23-10672/download","L","small_green "
"131",10673,"Valdosta - Wetherington Lane SWLF",30.8238888888889,-83.3597222222222,"Wetherington Lane","Valdosta","Lowndes",2001,"IV","https://epd.georgia.gov/document/pdf/23-10673/download","L","small_green "
"132",10675,"McIntosh County - King Road MSWLF",31.5133333333333,-81.4825,"King Road","Eulonia","McIntosh",2001,"IV","https://epd.georgia.gov/document/pdf/23-10675/download","L","small_green "
"133",10676,"Mitchell County - SR 3A MSWLF",31.1686111111111,-84.1691666666667,"State Road 3","Pelham","Mitchell",2001,"IV","https://epd.georgia.gov/document/pdf/23-10676/download","L","small_green "
"134",10677,"Murray County - US 411 Westside MSWLF",34.6805555555556,-84.7305555555556,"6585 US 411","Chatsworth","Murray",2001,"IV","https://epd.georgia.gov/document/pdf/23-10677/download","L","small_green "
"135",10678,"Newton County - Lower River Road MSWL",33.5513888888889,-83.8952777777778,"205 Lower River Road","Porterdale","Newton",2001,"IV","https://epd.georgia.gov/document/pdf/23-10678/download","L","small_green "
"136",10679,"Pickens Co.  - Jones Mountain Road Westside MSWLF",34.5416666666667,-84.4752777777778,"Jones Mountain Road","Talking Rock","Pickens",2001,"IV","https://epd.georgia.gov/document/pdf/23-10679/download","L","small_green "
"137",10680,"Pierce County - SR 121 MSWLF",31.3491666666667,-82.2125,"SR 121 / County Farm Road","Blackshear","Pierce",2001,"IV","https://epd.georgia.gov/document/pdf/23-10680/download","L","small_green "
"138",10682,"Terrell County - U. S. 82 MSWLF",31.7413888888889,-84.4194444444445,"3108 Albany Highway","Dawson","Terrell",2001,"IV","https://epd.georgia.gov/document/pdf/23-10682/download","L","small_green "
"139",10683,"Tifton - Omega / Eldorado Road MSWLF",31.3575,-83.5366666666667,"445 Mitchell Store Road","Tifton","Tift",2001,"IV","https://epd.georgia.gov/document/pdf/23-10683/download","L","small_green "
"140",10684,"Towns County - SR 288 MSWLF",34.9272222222222,-83.7463888888889,"S. R. 288","Hiawassee","Towns",2001,"IV","https://epd.georgia.gov/document/pdf/23-10684/download","L","small_green "
"141",10685,"Upson County - Zorn Street Phase 2, 3 MSWLF",32.8636111111111,-84.3244444444444,"Department of Transportation Drive","Thomaston","Upson",2001,"IV","https://epd.georgia.gov/document/pdf/23-10685/download","L","small_green "
"142",10686,"Wayne County - Goose Creek Phase 1 MSWLF",31.6644444444444,-81.9155555555556,"Highway 169 N","Jesup","Wayne",2001,"IV","https://epd.georgia.gov/document/pdf/23-10686/download","L","small_green "
"143",10687,"Whitfield Co./Dalton-Old Dixie Hwy Phase 2 4 & 5 MSWLF",34.6513888888889,-84.9502777777778,"Old Dixie Road","Dalton","Whitfield",2001,"IV","https://epd.georgia.gov/document/pdf/23-10687/download","L","small_green "
"144",10688,"Wilkinson Co. - Hwy. 57 Public Works Camp MSWLF",32.8333333333333,-83.2641666666667,"State Highway 57","Irwinton","Wilkinson",2001,"IV","https://epd.georgia.gov/document/pdf/23-10688/download","L","small_green "
"145",10703,"Swainsboro Electro Plating, Inc.",32.5588888888889,-82.3369444444444,"Intersection of Hwy 4 and Empire Expressway","Swainsboro","Emanuel",2001,"I","https://epd.georgia.gov/document/pdf/23-10703/download","A","small_yellow"
"146",10708,"Busby  Cleaners",31.8519444444444,-81.6,"302  W. Memorial Drive","Hinesville","Liberty",2001,"I","https://epd.georgia.gov/document/pdf/23-10708/download","A","small_yellow"
"147",10711,"Candler County S.R. 121 Metter # 021-001D(SL)",32.4555555555556,-82.0647222222222,"842 Landfill Road","Metter","Candler",2001,"IV","https://epd.georgia.gov/document/pdf/23-10711/download","L","small_green "
"148",10712,"Union County MSW Landfill",34.8933333333333,-83.9597222222222,"Deep South Farm Road","Blairsville","Union",2001,"IV","https://epd.georgia.gov/document/pdf/23-10712/download","L","small_green "
"149",10713,"Effingham County - SR 17 MSWLF",32.3061111111111,-81.4036111111111,"Watts Road","Guyton","Effingham",2001,"IV","https://epd.georgia.gov/document/pdf/23-10713/download","L","small_green "
"150",10714,"Turner County - SR 112 Ashburn Phase 3 MSWLF",31.7358333333333,-83.575,"S. R. 112","Ashburn","Turner",2002,"IV","https://epd.georgia.gov/document/pdf/23-10714/download","L","small_green "
"151",10715,"Durand MSW Landfill",32.9658333333333,-84.7805555555556,"Ogletree Road","Durand","Meriwether",2002,"IV","https://epd.georgia.gov/document/pdf/23-10715/download","L","small_green "
"152",10716,"Buford - McEver Road MSWLF",34.1283333333333,-84.0163888888889,"5734 Little Mill Road","Buford","Gwinnett",2002,"IV","https://epd.georgia.gov/document/pdf/23-10716/download","L","small_green "
"153",10718,"Sugar Hill - Appling Road MSWLF",34.1208333333333,-84.0377777777778,"1379 Appling Road","Sugar Hill","Gwinnett",2002,"IV","https://epd.georgia.gov/document/pdf/23-10718/download","L","small_green "
"154",10719,"Crawford County - SR 341 / Hopewell Road MSWLF",32.7738888888889,-83.9994444444444,"3604 Fairplay Hill Road","Musella","Crawford",2002,"IV","https://epd.georgia.gov/document/pdf/23-10719/download","L","small_green "
"155",10720,"Alma - Radio Station Road MSWLF",31.5202777777778,-82.4347222222222,"Radio Station Road","Alma","Bacon",2002,"IV","https://epd.georgia.gov/document/pdf/23-10720/download","L","small_green "
"156",10721,"Cairo - 6th Avenue (SL) MSWLF",30.8819444444444,-84.2283333333333,"6th Avenue","Cairo","Grady",2002,"IV","https://epd.georgia.gov/document/pdf/23-10721/download","L","small_green "
"157",10722,"Johnson County - SR 15 Wrightsville Ph 2 (SL) MSWLF",32.6819444444444,-82.71,"Liberty Grove CH Rd","Wrightsville","Johnson",2002,"IV","https://epd.georgia.gov/document/pdf/23-10722/download","L","small_green "
"158",10723,"Sumter County Landfill",32.0652777777778,-84.2777777777778,"324 McMath Mill Road","Americus","Sumter",2002,"IV","https://epd.georgia.gov/document/pdf/23-10723/download","L","small_green "
"159",10738,"O'Neill Manufacturing, Inc.",34.2694444444444,-85.1555555555556,"102 Anderson Street","Rome","Floyd",2002,"II","https://epd.georgia.gov/document/pdf/23-10738/download","A","small_yellow"
"160",10741,"Chem-Am",33.06,-84.9719444444444,"3562 Hogansville Road (Highway 29)","LaGrange","Troup",2002,"I","https://epd.georgia.gov/document/pdf/23-10741/download","A","small_yellow"
"161",10747,"Simmons Plating Works",33.7452777777778,-84.4011111111111,"409 and 395 Whitehall Street, S.W.","Atlanta","Fulton",2002,"II","https://epd.georgia.gov/document/pdf/23-10747/download","A","small_yellow"
"162",10748,"Shakerag Cleaners",33.6208333333333,-84.235,"1781 Panola Road","Ellenwood","Henry",2002,"II","https://epd.georgia.gov/document/pdf/23-10748/download","A","small_yellow"
"163",10749,"Walton County Landfill",33.835,-83.75,"SR 11 / Roscoe Davis Road","Monroe","Walton",2002,"II","https://epd.georgia.gov/document/pdf/23-10749/download","L","small_green "
"164",10750,"Vienna Street Dump",32.56,-83.8738888888889,"Vienna Street","Fort Valley","Peach",2003,"II","https://epd.georgia.gov/document/pdf/23-10750/download","L","small_green "
"165",10751,"Lanier County-Studstill Road MSWLF",31.0669444444444,-83.0780555555556,"Studstill Road","Lakeland","Lanier",2003,"IV","https://epd.georgia.gov/document/pdf/23-10751/download","L","small_green "
"166",10752,"Jeff Davis - CR 20 MSWLF",31.8605555555556,-82.6869444444444,"Nina Gay Rd","Hazlehurst","Jeff Davis",2003,"IV","https://epd.georgia.gov/document/pdf/23-10752/download","L","small_green "
"167",10760,"Vantran Electric",32.9913888888889,-82.3855555555556,"1600 Highway 17 South","Louisville","Jefferson",2003,"I","https://epd.georgia.gov/document/pdf/23-10760/download","A","small_yellow"
"168",10783,"Amercord, Inc.",31.9244444444444,-82.6827777777778,"Ocmulgee Street Industrial Complex","Lumber City","Telfair",2004,"I","https://epd.georgia.gov/document/pdf/23-10783/download","A","small_yellow"
"169",10789,"Dry Clean, USA",31.9816666666667,-81.1480555555556,"11434 Abercorn Street","Savannah","Chatham",2004,"I","https://epd.georgia.gov/document/pdf/23-10789/download","A","small_yellow"
"170",10790,"Love Your Clothes Cleaners",34.0130555555556,-84.4927777777778,"2520 E. Piedmont Road","Marietta","Cobb",2004,"V","https://epd.georgia.gov/document/pdf/23-10790/download","A","small_yellow"
"171",10797,"Weddington Estate",33.7605555555556,-84.505,"184 Fairburn Road NW","Atlanta","Fulton",2005,"I","https://epd.georgia.gov/document/pdf/23-10797/download","A","small_yellow"
"172",10813,"Franklin Street Site",33.8077777777778,-84.6433333333333,"6000 Franklin Street","Austell","Cobb",2005,"V","https://epd.georgia.gov/document/pdf/23-10813/download","A","small_yellow"
"173",10815,"Hometown Cleaners (Former)",33.5819444444444,-83.4841666666667,"1281 Atlanta Hwy","Madison","Morgan",2005,"I","https://epd.georgia.gov/document/pdf/23-10815/download","A","small_yellow"
"174",10834,"Thomas & Co., Inc.",33.2666666666667,-84.2588888888889,"1010 North Hill Street","Griffin","Spalding",2006,"II","https://epd.georgia.gov/document/pdf/23-10834/download","L","small_green "
"175",10839,"Gibson - CR 50 Ph. 1 MSWLF",33.2108333333333,-82.6094444444444,"County Road 50","Gibson","Glascock",2006,"IV","https://epd.georgia.gov/document/pdf/23-10839/download","L","small_green "
"176",10840,"Richmond County - Dean's Bridge Road",33.35,-82.1369444444445,"4330 Dean's Bridge Road","Blythe","Richmond",2006,"IV","https://epd.georgia.gov/document/pdf/23-10840/download","L","small_green "
"177",10843,"Floyd County - Berryhill Road Sanitary Landfill",34.3088888888889,-85.2777777777778,"0 Berryhill Road","Rome","Floyd",2006,"IV","https://epd.georgia.gov/document/pdf/23-10843/download","L","small_green "
"178",10851,"Stewart County Landfill, CR 145 S Ph 2 (SL)",32.0375,-84.7772222222222,"CR 145","Lumpkin","Stewart",2007,"IV","https://epd.georgia.gov/document/pdf/23-10851/download","L","small_green "
"179",10852,"Warren County - Shoals Street #2 MSWL",33.3988888888889,-82.6711111111111,"597 Macon Hwy","Warrenton","Warren",2007,"IV","https://epd.georgia.gov/document/pdf/23-10852/download","L","small_green "
"180",10853,"Worth County SR 112 MSWL",31.5530555555556,-83.7925,"797 Ephesus Church Road","Sylvester","Worth",2007,"IV","https://epd.georgia.gov/document/pdf/23-10853/download","L","small_green "
"181",10854,"Calhoun County SR 45 Morgan (SL)",31.535,-84.65,"25753 Highway 45","Morgan","Calhoun",2007,"IV","https://epd.georgia.gov/document/pdf/23-10854/download","L","small_green "
"182",10855,"Paulding County - Gulledge Road MSWL",34.02,-84.8008333333333,"75 County Services Lane","Dallas","Paulding",2007,"IV","https://epd.georgia.gov/document/pdf/23-10855/download","L","small_green "
"183",10856,"Harris County Hamilton Road E MSWL",32.7444444444444,-84.8127777777778,"4078 Barnes Mill Road","Hamilton","Harris",2007,"IV","https://epd.georgia.gov/document/pdf/23-10856/download","L","small_green "
"184",10857,"Randolph County Brooksville Road Ph 1 MSWL",31.7961111111111,-84.7505555555556,"2122 District Line Road","Cuthbert","Randolph",2007,"IV","https://epd.georgia.gov/document/pdf/23-10857/download","L","small_green "
"185",10858,"Decatur County SR 309 MSWL",30.8369444444444,-84.5677777777778,"SR 309 (West Street and Fowlston Road)","Bainbridge","Decatur",2007,"IV","https://epd.georgia.gov/document/pdf/23-10858/download","L","small_green "
"186",10859,"Walker County Marble Top Road MSWL",34.8352777777778,-85.365,"5120 Marble Top Road","Chickamauga","Walker",2007,"IV","https://epd.georgia.gov/document/pdf/23-10859/download","L","small_green "
"187",10860,"Schley County CR 65 MSWL",32.2480555555556,-84.2305555555556,"594 William Grove Road (CR 65)","Ellaville","Schley",2007,"IV","https://epd.georgia.gov/document/pdf/23-10860/download","L","small_green "
"188",10863,"Paper Mill Road Undeveloped Tract",33.9525,-83.9627777777778,"Paper Mill Road and Springlake Road","Lawrenceville","Gwinnett",2007,"II","https://epd.georgia.gov/document/pdf/23-10863/download","L","small_green "
"189",10876,"Glennville Wood Preserving",31.9466666666667,-81.9480555555556,"739 W. Barnard St. (State Hwy 23)","Glennville","Tattnall",2007,"II","https://epd.georgia.gov/document/pdf/23-10876/download","A","small_yellow"
"190",10889,"Lincoln County - CR 121/Prater Landfill",33.8225,-82.4633333333333,"CR 121","Lincolnton","Lincoln",2008,"IV","https://epd.georgia.gov/document/pdf/23-10889/download","L","small_green "
"191",10896,"City of Waycross Blackwell Road Landfill",31.195,-82.3480555555555,"1501 Blackwell Street","Waycross","Ware",2008,"IV","https://epd.georgia.gov/document/pdf/23-10896/download","L","small_green "
"192",10928,"Pike County - County Farm Road MSWL",33.1211111111111,-84.3647222222222,"County Farm Road","Zebulon","Pike",2013,"IV","https://epd.georgia.gov/document/pdf/23-10928/download","L","small_green "
"193",10936,"Brown and Brown Wrecker Service",33.8983333333333,-84.285,"5828 New Peachtree Road","Doraville","Dekalb",2015,"II","https://epd.georgia.gov/document/pdf/23-10936/download","A","small_yellow"
"194",10942,"Nelms Drive Landfill",33.6694444444444,-84.2808333333333,"1374 and 1388 Nelms Drive","Decatur","Dekalb",2017,"V","https://epd.georgia.gov/document/pdf/23-10942/download","L","small_green "
"195",10948,"Agri-Cycle",34.1911111111111,-83.7286111111111,"1184 Main Street","Talmo","Jackson",2018,"I","https://epd.georgia.gov/document/pdf/23-10948/download","A","small_yellow"
"196",10954,"Bradley Circle Properties/Bradley Circle Landfill (Former)",32.4894444444444,-84.9927777777778,"2 & 5 27th Street","Columbus","Muscogee",2020,"II","https://epd.georgia.gov/document/pdf/23-10954/download","L","small_green "
